purchase_date,item_name,item_price,customer_name
2019-06-13 18:02,상품A,100,김가온
2019-07-13 13:05,상 품 S,,김우찬
2019-05-11 19:42,상 품 a,,김유찬
2019-02-12 23:40,상품Z,2600,김재현
2019-04-22 3:09,상품a,,김강현
2019-03-20 19:16,상품S,1900,김우진
2019-05-18 19:16,상품 a,,김재준
2019-04-18 0:14,상품V,2200,김민혁
2019-01-10 15:51,상품O,1500,김선우
2019-01-28 10:47,상품A,100,김태윤
2019-06-21 1:54,상 품U,2100,김시완
2019-06-08 11:32,상품L,1200,김도윤
2019-04-08 2:00,상  품V,2200,김주한
2019-06-19 9:50,상 품O,1500,김도원
2019-06-11 12:57,상품A,,김재호
2019-04-21 0:11,상품C,300,김지율
2019-03-28 23:24,상품V,2200,김재훈
2019-04-06 12:00,상품I,900,김상현
2019-07-16 5:55,상품r,1800,김준성
2019-07-03 7:04,상품X,2400,김성민
2019-07-05 10:49,상품O,1500,김서후
2019-06-10 19:07,상품 g,700,김승유
2019-07-10 20:28,상품X,2400,김동욱
2019-07-10 12:44,상품R,1800,김대현
2019-02-14 1:30,상품P,1600,김동건
2019-04-18 1:50,상품Q,1700,김우찬
2019-05-16 4:45,상품y,2500,김태현
2019-05-26 10:58,상품P,1600,김다온
2019-01-04 12:05,상품P,,김우진
2019-02-11 18:32,상품R,1800,김하윤
2019-03-02 8:52,상품P,1600,김현우
2019-06-29 10:01,상품 A,100,김하민
2019-04-24 17:44,상품N,,김은율
2019-03-28 14:18,상품R,1800,김예준
2019-01-18 0:54,상품W,2300,김성현
2019-01-12 3:26,상품A,100,김건희
2019-07-27 0:08,상 품E,500,김지율
2019-03-22 11:16,상품K,1100,김성윤
2019-05-07 2:58,상품O,1500,김준석
2019-02-04 18:23,상품W,,김시윤
2019-03-22 18:36,상품O,1500,김우진
2019-05-24 21:39,상품K,1100,김지민
2019-07-29 0:17,상품B,200,김지원
2019-07-25 0:59,상품F,600,김시윤
2019-05-14 8:37,상품P,1600,김성우
2019-07-13 4:50,상품X,2400,김정훈
2019-02-14 3:26,상품B,200,김유찬
2019-01-17 17:36,상 품s,1900,김승유
2019-03-10 15:16,상품F,600,김서후
2019-06-27 2:36,상품X,2400,김세현
2019-04-28 15:43, 상품W,2300,김선우
2019-01-02 13:26, 상 품 n,1400,김범준
2019-02-04 18:06,상품Q,1700,김성준
2019-05-14 16:02,상품P,1600,김승주
2019-04-19 18:15,상품I,900,김지우
2019-03-12 6:07,상 품F,600,김도원
2019-06-02 5:32,상품D,400,김선우
2019-07-06 4:39,상품R,,김도훈
2019-02-01 2:17,상품M,1300,김윤성
2019-06-29 10:30,상품M,1300,김준수
2019-02-07 19:34,상품Q,1700,김주한
2019-02-11 17:00,상품A,100,김성윤
2019-01-17 4:24,상품Y,2500,김지운
2019-06-25 16:31,상품I,,김재훈
2019-07-01 11:27,상품U,2100,김준서
2019-03-28 7:57,상품H,800,정준기
2019-07-12 0:36,상품P,1600,김윤서
2019-07-15 8:24,상품P,1600,김지훈
2019-03-09 13:03,상품T,2000,김승윤
2019-07-14 10:48,상품Y,2500,김태훈
2019-05-15 6:22,상품W,,김주원
2019-03-12 2:01,상품M,1300,김성빈
2019-03-09 1:23,상품V,2200,김수혁
2019-06-23 14:25,상품D,400,김주영
2019-06-17 2:32,상품J,1000,김태민
2019-07-20 22:12,상 품O,1500,김도경
2019-06-10 18:21,상품L,,김지한
2019-02-19 16:59,상품F,,김주혁
2019-03-24 20:16,상품U,2100,김지원
2019-01-27 10:29,상품N,1400,김지후
2019-01-28 7:23,상품P,1600,김재준
2019-05-11 12:39,상품S,1900,김태양
2019-02-08 15:43,상품X,2400,김서후
2019-02-04 3:16,상품O,1500,김성빈
2019-01-16 22:37,상품V,2200,김민건
2019-01-12 5:17,상품K,1100,김태윤
2019-04-23 17:47,상품N,,김은율
2019-04-15 18:12,상품I,900,김재우
2019-07-02 21:30,상  품O,,김도현
2019-01-07 10:13,상품R,1800,김상민
2019-06-09 21:37,상품V,2200,김동현
2019-05-05 18:09,상품Y,2500,김도경
2019-04-08 15:06,상품E,500,김지운
2019-03-10 11:36,상품E,500,김하진
2019-03-19 10:16,상품H,800,김성민
2019-05-26 19:23,상품S,,김도영
2019-01-14 5:59,상품W,2300,김성윤
2019-04-18 7:01,상품Y,2500,김윤성
2019-05-13 3:40,상품O,1500,김정민
2019-02-12 11:30,상품F,600,김현서
2019-06-26 0:06,상품K,1100,김재윤
2019-04-15 16:44,상품B,,김지호
2019-06-12 0:29,상품W,2300,김은혁
2019-04-03 8:34,상  품Q,1700,김대현
2019-03-19 20:09,상품Q,1700,김승민
2019-02-13 5:41,상품N,1400,김민규
2019-05-03 1:15, 상품 S,1900,김동현
2019-03-02 1:53, 상품 M,1300,김동건
2019-05-30 6:31,상품I,900,김지혁
2019-04-11 4:18,상  품T,2000,김승환
2019-07-19 2:16,상품I,900,김재현
2019-04-04 21:11,상품H,800,김민호
2019-04-03 0:16,상품Y,2500,김승원
2019-06-06 23:11,상품R,1800,김지원
2019-02-12 22:35,상품C,,김대현
2019-05-07 7:37,상품V,,김지훈
2019-07-10 4:24,상품T,2000,김경민
2019-06-14 9:08,상품A,100,김가온
2019-07-17 1:07,상품T,2000,김상현
2019-05-21 5:04,상품Q,,김승주
2019-01-04 12:20,상품P,,김범준
2019-03-30 21:07,상품W,2300,김재훈
2019-02-01 4:53,상품I,,김지용
2019-02-06 12:59,상품T,2000,김주한
2019-07-24 14:59,상품G,700,김태경
2019-06-22 6:48,상품N,1400,김재우
2019-04-19 13:27,상품U,,김우빈
2019-06-29 15:46,상품S,1900,김정훈
2019-05-26 8:36,상품U,2100,김우찬
2019-07-03 14:50,상품M,1300,김수호
2019-07-17 20:28,상품A,100,김현서
2019-02-20 6:30,상품P,1600,김민수
2019-06-18 9:27,상품U,,김우빈
2019-01-27 18:28,상품X,2400,김승환
2019-03-17 13:26,상품I,900,김태양
2019-03-01 16:57,상품U,2100,김지호
2019-01-02 3:24,상품X,2400,김찬우
2019-07-24 22:05,상품L,1200,김재훈
2019-03-14 13:47,상품F,600,김연호
2019-05-23 0:15,상품G,700,김상현
2019-07-29 18:23,상품D,400,김상현
2019-05-22 16:50,상품X,2400,정우석
2019-06-29 17:42,상품U,2100,김도경
2019-04-20 5:22,상품N,1400,김하랑
2019-04-30 17:31,상품C,,김도현
2019-07-06 21:50,상품W,2300,김승윤
2019-02-23 1:39,상품S,1900,김유준
2019-07-13 3:39,상품U,2100,김지훈
2019-07-17 20:15,상품K,,김은혁
2019-06-23 9:42,상품G,700,김태경
2019-06-14 4:40,상품Q,1700,김도율
2019-01-05 4:10,상품I,,김우현
2019-04-14 20:59,상품L,1200,김성준
2019-01-12 15:57,상품T,2000,김준수
2019-04-09 18:24,상품P,1600,김승주
2019-07-05 1:18,상품T,,김지완
2019-07-25 17:14,상품V,2200,김도영
2019-05-20 3:55,상품E,500,김연호
2019-03-29 9:42,상품P,1600,김시호
2019-06-19 11:12,상 품G,700,김수호
2019-03-07 8:13,상품L,1200,김승민
2019-03-04 16:39, 상품 P,1600,김승윤
2019-03-05 8:05,상품M,1300,김수호
2019-04-20 1:54,상품D,400,김민건
2019-02-13 14:06,상품O,1500,김도영
2019-06-02 20:40,상품N,1400,김민규
2019-04-15 2:16,상품X,2400,김준우
2019-01-16 1:34,상품W,2300,정우석
2019-07-10 16:09,상품J,1000,김서후
2019-05-02 23:06,상품X,2400,김규민
2019-03-05 23:05,상품R,1800,김지호
2019-06-25 9:06,상품A,100,김주안
2019-01-29 11:36,상품W,2300,김서윤
2019-02-13 0:04,상품C,300,김재훈
2019-03-17 18:25,상품O,1500,김진우
2019-01-07 4:14,상품V,2200,김승유
2019-03-12 21:30,상품U,2100,김승유
2019-06-03 5:10,상품F,600,김태경
2019-04-15 19:36,상품K,,김현승
2019-05-12 9:03,상품W,,김민기
2019-03-02 15:38, 상품 E,500,김시율
2019-06-19 5:44,상품S,1900,김시호
2019-02-21 14:46,상 품N,1400,김시훈
2019-02-24 11:50,상품C,300,김지율
2019-04-02 5:54,상품I,900,김연호
2019-06-07 12:49,상품W,2300,김시호
2019-04-18 6:11,상품D,400,김준서
2019-01-15 5:27,상품E,500,김강민
2019-07-21 6:22,상품V,2200,김규민
2019-02-13 1:32,상품Y,2500,김세현
2019-02-02 22:40,상품V,2200,김지혁
2019-03-24 1:13,상품X,,김태현
2019-03-03 6:14,상품F,,김대현
2019-03-30 7:38,상품F,,김재혁
2019-03-03 2:06,상품B,200,김정원
2019-07-19 11:50,상품C,300,김재준
2019-07-17 2:53,상품K,1100,김태영
2019-02-25 12:01,상품M,1300,김수혁
2019-04-13 13:05,상품Y,2500,김준수
2019-06-13 14:23,상품Q,,김준호
2019-06-17 19:05,상품I,900,김현승
2019-02-10 3:09,상품G,700,김주현
2019-07-15 4:42,상품T,2000,김윤서
2019-01-15 6:22,상품D,400,김승우
2019-06-25 6:16,상품D,400,김지환
2019-04-23 11:08,상 품Y,2500,김정후
2019-02-20 23:12,상품E,,김시온
2019-05-03 19:35,상품N,,김재민
2019-05-04 18:47,상품F,600,김건우
2019-01-20 13:41,상품N,1400,김정민
2019-07-08 4:17,상품A,100,김강현
2019-02-12 2:52,상품A,100,김서후
2019-07-28 20:12,상품B,200,김건희
2019-03-30 3:04,상품X,,김상민
2019-06-02 1:01,상품Y,2500,김재윤
2019-07-24 9:28,상품S,1900,정도형
2019-04-15 18:19,상품P,,김동우
2019-02-28 12:07,상품V,2200,김도영
2019-01-25 19:02,상품I,900,김주호
2019-04-18 15:55,상품O,,김현민
2019-06-15 10:43,상품J,1000,김지율
2019-03-27 23:49,상품 J,1000,김은우
2019-07-06 7:16,상품C,300,김태훈
2019-06-25 8:13,상품A,100,김유진
2019-07-31 12:53,상품U,2100,김동욱
2019-03-02 19:49,상품J,1000,김태경
2019-07-23 10:46,상품M,1300,정도형
2019-01-09 20:10,상품F,600,김찬영
2019-03-16 22:28,상품B,200,김성민
2019-03-25 12:48,상품N,1400,김태윤
2019-01-08 5:12,상품Q,1700,김주영
2019-06-18 5:24,상품T,2000,김준호
2019-02-15 0:30,상품L,1200,김민재
2019-03-15 1:19,상품O,1500,김은혁
2019-03-23 9:32,상품A,100,김찬우
2019-01-08 15:08,상품R,1800,김정현
2019-05-20 15:38,상품R,1800,김동우
2019-01-16 22:41,상품F,600,김우찬
2019-04-22 21:02,상품Y,2500,김준서
2019-04-14 1:47,상품R,1800,김승찬
2019-07-01 21:18,상품L,1200,김하민
2019-07-27 9:00,상품B,,김현수
2019-07-31 4:58,상품 V,2200,김윤호
2019-05-03 16:52,상품P,1600,김민우
2019-02-01 20:01,상품X,2400,김재희
2019-06-07 0:03,상품B,200,김재희
2019-01-17 18:51,상품Q,1700,김지훈
2019-01-03 14:55,상품U,,김민준
2019-03-20 21:00,상품W,2300,김시율
2019-04-06 6:49,상품U,,김승윤
2019-02-17 11:34,상품C,300,김대현
2019-01-17 7:15,상품V,2200,김준수
2019-01-05 1:37,상품Q,1700,김정민
2019-02-08 9:50,상품N,1400,김승재
2019-06-22 12:31,상품X,2400,김지운
2019-07-05 19:27,상품P,1600,김승준
2019-03-09 4:08,상품B,200,김준희
2019-01-20 8:52,상품C,300,김유진
2019-02-24 6:11,상품Q,,김재현
2019-03-13 3:01,상품S,,김도경
2019-07-17 0:32,상품E,500,정우석
2019-07-27 1:27,상품F,600,김지혁
2019-01-02 0:09,상품F,600,김재영
2019-04-07 22:23,상품F,600,김시온
2019-02-20 16:18,상품E,500,김하랑
2019-07-15 15:09,상품G,700,김윤재
2019-06-17 22:17,상품U,2100,김은혁
2019-04-01 8:16,상품L,1200,김도윤
2019-02-05 15:06,상품U,2100,김재희
2019-07-22 9:18,상품I,900,김범준
2019-07-14 5:18,상품F,600,김재준
2019-05-30 13:55,상품W,2300,김승찬
2019-07-16 11:18,상품K,1100,김재원
2019-01-19 23:12,상품V,,김수혁
2019-07-27 1:45,상품A,100,김지운
2019-01-02 1:22,상품F,600,김찬우
2019-03-06 18:26,상품L,1200,김준서
2019-07-08 10:41,상품O,1500,김주영
2019-02-06 16:57,상품S,1900,김건우
2019-06-14 19:39,상품D,400,김하율
2019-05-28 15:12,상품V,2200,김도경
2019-01-30 6:49,상품J,1000,김가온
2019-06-10 0:34,상품E,500,김우진
2019-03-09 16:22,상품U,2100,김현수
2019-01-01 17:16,상품W,2300,김범준
2019-07-20 22:32,상품B,200,김도경
2019-05-20 12:16,상품 J,1000,김동현
2019-06-06 14:14,상품L,1200,김시우
2019-05-06 19:09,상품W,2300,김다온
2019-05-28 20:37,상품K,1100,김지훈
2019-05-24 7:01,상품B,200,김재준
2019-01-20 22:25,상품F,600,김민혁
2019-05-20 18:00,상품B,200,김우진
2019-02-05 12:57,상품M,1300,김윤찬
2019-07-24 11:26,상품C,300,김윤서
2019-01-26 13:30,상품A,100,김지환
2019-01-04 19:51,상품N,1400,정도형
2019-04-20 6:29,상품P,1600,김은성
2019-05-14 8:42,상품C,300,김태준
2019-04-09 19:56,상품X,2400,김우주
2019-04-06 11:06,상품A,,김태인
2019-04-17 22:50,상품L,1200,김수호
2019-01-19 22:20,상품K,1100,김재희
2019-06-20 14:20,상품P,1600,김시율
2019-03-10 6:19,상품S,1900,김윤호
2019-06-29 23:48,상품Q,1700,김준영
2019-06-16 0:41,상품M,,김태민
2019-05-07 14:21,상품R,1800,김정현
2019-05-11 20:51,상품 K,1100,정준기
2019-03-25 2:23,상품X,2400,정우석
2019-05-16 9:46,상품X,2400,김재훈
2019-03-07 0:57,상품H,800,김준석
2019-02-06 0:15,상품G,700,김태경
2019-03-30 8:56,상품G,700,김성훈
2019-02-07 18:59,상품E,500,김서율
2019-04-13 19:22,상품O,1500,김우진
2019-04-06 8:13,상품E,500,김유진
2019-03-24 23:53,상품R,,김은찬
2019-05-07 1:20,상품Y,2500,김예준
2019-07-04 8:40,상품M,1300,김승현
2019-03-30 16:44,상품P,1600,김우준
2019-07-13 22:58,상품B,200,김동욱
2019-07-11 9:07,상품E,500,김현서
2019-04-29 1:41,상품U,2100,김민서
2019-05-22 1:23,상품V,,김민우
2019-01-02 11:36,상품L,1200,김지혁
2019-02-21 1:23,상품T,,김은율
2019-06-23 18:25,상품W,,김준호
2019-07-29 0:08,상 품V,2200,김수호
2019-02-08 1:06,상품W,2300,김하민
2019-07-02 20:42,상품B,200,김승주
2019-02-08 8:39,상품R,1800,김현우
2019-07-26 18:24,상품V,2200,김하람
2019-03-01 5:17,상품W,2300,김연호
2019-06-08 12:02,상품M,1300,김승우
2019-05-12 6:18,상품G,,김시훈
2019-03-15 10:06,상품G,700,김이준
2019-05-15 16:34,상품G,700,김민규
2019-02-01 11:42,상품G,700,김유빈
2019-06-05 23:50,상품M,1300,김재혁
2019-06-29 4:47,상품F,600,김우주
2019-03-25 23:43,상품V,2200,김규민
2019-05-10 7:10,상품W,2300,김시훈
2019-05-30 3:14,상품N,1400,김지완
2019-01-28 10:23,상품J,1000,김준호
2019-03-12 16:21,상품H,800,김수현
2019-02-09 18:52,상품A,100,김은혁
2019-03-10 6:42,상품A,100,김태우
2019-03-22 3:37,상품F,600,김성윤
2019-01-09 9:24,상품M,1300,김주현
2019-07-09 21:51,상품G,,김건희
2019-07-25 21:42,상품D,400,김다온
2019-07-05 14:39,상품I,900,김지훈
2019-01-29 20:05,상품O,1500,김주환
2019-01-26 9:39,상품W,,김민수
2019-03-31 3:41,상품S,1900,김준후
2019-01-30 14:51,상품Q,,김준호
2019-01-11 10:43,상품C,300,김우빈
2019-07-16 14:36,상품P,1600,정도형
2019-06-20 12:38,상품I,900,김동현
2019-05-02 1:45,상품A,100,김지호
2019-01-21 3:33,상품A,,김진우
2019-02-28 5:01,상품S,1900,김도현
2019-07-26 3:56,상품A,100,김이안
2019-03-15 19:22,상품M,1300,김한결
2019-03-19 2:02,상품D,400,김지오
2019-06-23 15:08,상품G,700,김도원
2019-05-29 3:26,상품G,700,김도경
2019-04-24 9:13,상품T,2000,김규현
2019-02-16 16:28,상품E,,김지후
2019-04-24 11:47,상품O,1500,김주한
2019-06-23 22:25,상품T,2000,김정현
2019-03-29 19:13,상품S,,김승준
2019-01-16 0:59,상품T,2000,김우빈
2019-06-18 0:08,상품X,2400,김유준
2019-03-09 5:13,상품V,2200,김태영
2019-03-14 11:54,상품Q,1700,김찬우
2019-07-30 15:55,상품F,600,김주혁
2019-04-26 2:58,상품H,800,김우찬
2019-04-11 16:38,상품B,200,김태현
2019-03-01 9:53,상품B,200,김성준
2019-03-17 22:08,상품M,1300,김영준
2019-01-30 18:53,상품I,900,김주영
2019-03-05 5:47,상품R,1800,김시율
2019-03-24 21:26,상품L,1200,김규현
2019-07-27 21:50,상품D,400,김지오
2019-06-17 5:08,상품K,1100,김상현
2019-06-29 4:35,상품V,,김현석
2019-05-19 0:13,상품K,,김하윤
2019-02-15 16:08,상품F,600,김지안
2019-07-03 18:20,상품B,200,김민서
2019-06-22 12:32,상품V,2200,김민찬
2019-02-17 4:02,상품T,2000,김윤우
2019-01-21 22:23,상품K,1100,김우주
2019-05-02 19:17,상품J,1000,김준형
2019-05-24 10:19,상품A,100,김준성
2019-02-13 16:37,상품O,1500,김윤성
2019-01-29 22:01,상품J,1000,김윤우
2019-03-17 17:12,상품H,800,김민기
2019-04-25 8:12,상품I,900,김준서
2019-07-09 18:16,상품S,1900,정도형
2019-04-26 9:34,상품S,1900,김태양
2019-07-10 20:31,상품E,500,김승윤
2019-07-26 16:48,상품N,,김태경
2019-02-07 3:16,상품O,1500,김주혁
2019-05-21 23:02,상품R,,김지환
2019-02-18 13:03,상품Q,1700,김시윤
2019-05-04 13:56,상품E,500,김재민
2019-06-01 18:57,상품Y,2500,김서준
2019-04-18 22:43,상품F,600,김동우
2019-02-25 11:16,상 품D,400,김정민
2019-05-30 17:53,상 품A,100,김승호
2019-04-12 15:40,상품R,,김재희
2019-06-12 11:55,상품W,,김준후
2019-02-25 15:15,상품P,1600,김예준
2019-05-26 9:38,상품F,,김현승
2019-01-22 7:01,상품Y,2500,김성현
2019-04-10 9:05,상품C,,김준혁
2019-07-08 23:09,상품R,1800,김정현
2019-07-28 0:44,상품Q,1700,김준희
2019-01-28 5:45,상품V,2200,김태윤
2019-05-31 20:07,상품E,500,김경민
2019-01-27 19:27,상품F,600,김윤우
2019-04-18 9:16,상품O,1500,김은혁
2019-05-12 21:12,상 품V,2200,김정현
2019-07-02 14:00,상품S,1900,김서율
2019-01-23 8:23,상품M,1300,김찬영
2019-06-27 2:49,상품E,500,김승후
2019-06-20 9:00,상품J,,김연준
2019-05-24 16:27,상품P,1600,김하민
2019-06-26 21:50,상품F,,김성훈
2019-07-17 5:43,상품S,1900,김시현
2019-07-08 21:42,상품T,2000,김규민
2019-05-23 6:45,상품W,2300,김승찬
2019-05-31 22:42,상품W,2300,김대현
2019-05-24 4:52,상품U,2100,김라온
2019-05-21 0:51,상품L,1200,김수민
2019-02-10 15:55,상품Q,1700,김준서
2019-03-21 13:39,상품S,,김준혁
2019-03-18 12:22,상품Q,1700,김윤성
2019-03-03 17:23,상품Q,1700,김민재
2019-02-01 13:19,상품D,400,김지성
2019-06-24 13:52,상품G,700,김재윤
2019-03-19 8:15,상품U,2100,김민호
2019-02-09 3:38,상품E,500,김태인
2019-01-16 7:48,상품S,1900,김성윤
2019-05-11 18:02,상품 F,600,김은성
2019-04-02 8:45,상품B,200,김현우
2019-03-19 14:51,상품N,1400,김지운
2019-07-13 15:36,상품F,600,김동건
2019-01-11 6:39,상품Y,2500,김민호
2019-04-08 12:50,상품D,400,김지호
2019-01-22 10:24,상품X,2400,김도하
2019-04-02 20:25,상품C,300,김태현
2019-04-25 16:14,상품S,1900,김현서
2019-04-19 0:42,상품S,1900,김승호
2019-07-01 5:34,상품L,1200,김태현
2019-02-02 14:40,상품B,,김예준
2019-03-22 10:08,상품D,400,김대현
2019-02-11 8:53,상품B,200,김현우
2019-03-29 13:32,상품M,1300,김승호
2019-05-06 21:59,상품D,400,김윤서
2019-04-03 22:51,상품J,1000,김준영
2019-05-29 0:50,상품I,900,김지민
2019-04-28 15:19,상품J,1000,김재호
2019-06-05 18:25,상품R,1800,김이준
2019-03-17 7:49,상품C,300,김태준
2019-01-19 3:04,상품J,1000,김수현
2019-04-20 14:29,상품D,400,김준석
2019-01-04 20:17,상품R,1800,정준기
2019-06-14 4:55,상품O,1500,김도경
2019-02-18 6:55,상품Q,1700,김준후
2019-01-19 7:40,상품P,1600,김수혁
2019-04-25 16:55,상품A,100,김지오
2019-04-13 11:21,상품 F,600,김정원
2019-04-01 13:25,상품D,,김유찬
2019-06-06 12:58,상품D,400,김민서
2019-03-25 2:25,상품K,1100,김준호
2019-02-11 15:51,상품D,400,김유진
2019-04-26 17:10,상품C,300,김주안
2019-03-23 21:01,상품V,2200,김예준
2019-05-12 13:06,상품M,1300,김지오
2019-03-25 20:25,상품O,1500,김서준
2019-04-16 9:06,상품M,1300,김하민
2019-05-16 4:46,상품P,1600,김윤찬
2019-07-14 9:55,상품A,100,김재현
2019-05-15 22:11,상품K,1100,김서후
2019-01-05 8:33,상품N,1400,김현승
2019-07-14 17:32,상품A,100,김성윤
2019-07-30 17:13,상품X,2400,김성민
2019-02-01 7:33,상품V,2200,김성준
2019-01-07 23:04,상품E,500,김재민
2019-03-12 2:05,상품P,1600,김지율
2019-01-12 12:41,상품H,800,김범준
2019-07-15 12:05,상품P,1600,김윤우
2019-07-30 9:17,상품X,2400,김가온
2019-06-20 18:31,상품 H,800,김승주
2019-02-11 3:54,상품A,100,김우진
2019-05-27 19:04,상품U,2100,김예찬
2019-03-19 21:51,상품K,1100,김시온
2019-07-06 11:04,상품C,300,김지오
2019-05-26 16:54,상품R,,김라온
2019-06-07 13:20,상품W,,김은우
2019-04-18 16:31,상품E,500,김태민
2019-06-18 10:13,상품 V,,김준우
2019-07-24 10:19,상품C,300,김재호
2019-02-16 7:43,상품T,2000,김은찬
2019-05-31 0:45,상품D,400,김정현
2019-07-18 10:36,상품N,1400,김민기
2019-05-29 17:22,상품W,2300,김재영
2019-06-09 3:56,상품P,1600,김주환
2019-02-19 20:23,상품U,2100,김태민
2019-01-27 18:04,상품P,1600,김지운
2019-04-26 21:17,상품N,1400,김시현
2019-07-10 18:32,상품P,1600,김건우
2019-04-26 23:57,상품E,500,김성훈
2019-06-08 7:43,상품T,,김하율
2019-02-13 16:59,상품W,2300,김대현
2019-07-03 12:43,상품L,1200,김도하
2019-01-04 2:25,상품C,300,김예준
2019-03-25 16:37,상품H,800,김도윤
2019-07-29 15:33,상품O,1500,김하준
2019-07-25 19:48,상품W,2300,김우영
2019-02-02 7:17,상품D,,김도현
2019-01-09 23:28,상품N,1400,김재우
2019-04-09 20:55,상품N,1400,김도하
2019-03-08 18:56,상품P,1600,김동건
2019-07-24 8:57,상품K,1100,김주혁
2019-03-24 12:35,상품C,300,김지오
2019-01-03 5:44,상품F,600,김대현
2019-07-17 4:24,상품V,2200,김윤우
2019-07-21 3:58,상품U,2100,김은우
2019-05-30 9:47,상 품K,1100,김태민
2019-07-07 22:13,상품H,800,김시우
2019-01-27 21:30,상품E,,김재호
2019-07-21 0:26,상품F,600,김재영
2019-02-12 14:31,상품E,500,김재현
2019-07-10 23:10,상품C,300,김수혁
2019-02-15 9:46,상품C,300,정도형
2019-04-21 20:54,상품G,700,김하랑
2019-03-25 23:18,상품X,2400,김준호
2019-01-30 1:07,상품J,1000,김찬영
2019-01-03 7:56,상 품T,2000,김유진
2019-03-12 17:57,상품H,800,김시환
2019-03-13 16:26,상품B,200,김민석
2019-05-18 7:29,상품R,1800,김승환
2019-05-18 1:34,상품R,1800,김윤우
2019-01-04 23:28,상품V,2200,김민호
2019-01-21 21:10,상품K,1100,김승후
2019-07-03 21:50,상품I,900,김준형
2019-02-11 20:42,상품B,200,김예준
2019-03-02 9:06,상품B,200,김태윤
2019-02-20 16:49,상품U,2100,김동우
2019-06-21 3:36,상품I,900,김은혁
2019-03-27 14:37,상품X,2400,김성준
2019-06-28 21:26,상품S,1900,김승준
2019-06-22 11:14,상품F,600,김재원
2019-06-18 4:07,상품V,,김지환
2019-04-11 0:20,상품O,1500,김하율
2019-07-14 5:07,상품S,1900,김준석
2019-05-20 10:08,상품J,1000,김우빈
2019-06-29 12:32,상품X,,김은성
2019-04-30 22:07,상품Q,1700,김승민
2019-04-09 15:56,상품D,400,김민우
2019-03-14 9:23,상품V,2200,김지완
2019-03-18 20:22,상품J,1000,김재희
2019-03-28 7:36,상품H,800,김민기
2019-04-12 6:15,상품H,800,김은혁
2019-04-07 9:37,상품A,100,김가온
2019-07-25 15:42,상품I,,김도경
2019-01-27 22:43,상품L,1200,김현석
2019-03-07 4:37,상품I,900,김시율
2019-02-05 4:21,상품R,1800,김준성
2019-05-08 9:27,상품G,700,김윤재
2019-04-20 3:05,상품V,,김하윤
2019-03-02 20:16,상품C,300,김승현
2019-02-04 22:08,상품E,500,김민준
2019-01-29 17:16,상품A,100,김하민
2019-03-03 12:19,상품U,2100,김지훈
2019-02-16 23:30,상품 X,2400,김현서
2019-05-22 11:22,상품N,1400,김민석
2019-06-17 1:07,상품O,1500,김준영
2019-05-13 1:01,상품K,1100,김시환
2019-02-18 20:57,상품V,2200,김준호
2019-02-05 17:23,상품V,,김윤재
2019-04-25 19:50,상품B,,김승윤
2019-06-29 0:25,상품M,,김민석
2019-05-17 23:07,상품T,2000,정준기
2019-07-27 12:03,상품Q,1700,김태준
2019-03-20 4:55,상품U,2100,김현서
2019-05-01 19:17,상품R,1800,김재훈
2019-04-09 19:25,상품F,600,김진우
2019-01-14 0:48,상품F,,김성훈
2019-03-22 22:18,상품R,1800,김태인
2019-05-30 12:29,상품R,1800,김현민
2019-05-05 10:03,상품G,700,김수호
2019-06-30 20:05,상품C,300,김민석
2019-04-18 14:29,상품C,300,김지우
2019-06-09 0:49,상품F,600,김상현
2019-02-06 5:32,상품T,2000,김수민
2019-03-31 3:57,상품Y,2500,김민건
2019-03-28 15:01,상품D,400,김강현
2019-04-07 3:51,상품A,100,김성현
2019-07-04 23:52,상품Y,2500,김은성
2019-02-09 22:34,상품F,600,김서윤
2019-05-17 12:40,상품F,600,김정민
2019-01-21 23:19,상품M,1300,김라온
2019-06-22 1:38,상품B,200,김은호
2019-02-26 10:43,상품H,800,김도윤
2019-02-08 8:08,상품I,900,김수혁
2019-01-06 13:59,상품F,,김우준
2019-01-19 8:14,상품O,1500,정도형
2019-02-07 15:50,상품A,100,김은율
2019-07-19 6:28,상품Q,,김태윤
2019-01-29 3:19,상품D,400,김하윤
2019-07-24 18:54,상품F,600,김정후
2019-05-19 15:54,상품G,700,김지후
2019-05-07 22:50,상품O,1500,김건우
2019-07-13 22:09,상품S,1900,김도현
2019-02-12 8:52,상품T,2000,김시완
2019-04-04 12:58,상품D,400,김승찬
2019-05-02 12:25,상품I,900,김승찬
2019-04-06 3:47,상품P,1600,김주영
2019-06-01 8:38,상품K,1100,김서진
2019-02-18 22:08,상품R,,김대현
2019-07-24 12:49,상품V,2200,김민석
2019-07-08 16:27,상품D,400,김현준
2019-02-10 17:29,상품C,300,김도윤
2019-03-23 11:03,상품B,200,김준후
2019-05-15 21:37,상품C,300,김동우
2019-05-21 14:30,상품D,400,김재혁
2019-01-26 2:15,상품F,600,김지혁
2019-01-24 5:31,상품R,1800,김라온
2019-03-27 16:08,상품H,800,김현승
2019-02-23 1:45,상품A,100,김지운
2019-01-13 23:11,상품S,1900,김성우
2019-07-29 1:13,상품X,2400,김준희
2019-04-07 8:37,상품P,1600,김하랑
2019-04-26 2:54,상품I,900,김상현
2019-05-03 22:42,상품Y,2500,김예준
2019-05-17 10:59,상품C,300,김승우
2019-01-26 2:03,상품B,200,김성민
2019-04-15 12:39,상품A,100,김성빈
2019-02-11 22:50,상품V,2200,김영준
2019-02-24 7:46,상품W,2300,김시훈
2019-06-04 10:28,상품G,700,김선우
2019-07-13 15:39,상품V,2200,김준석
2019-03-02 7:12,상품C,300,정영훈
2019-06-30 22:33,상품N,,김민규
2019-07-10 2:42,상품L,1200,김주환
2019-03-28 16:47,상품I,900,정준기
2019-01-21 14:06,상품R,1800,김태훈
2019-03-27 19:50,상품B,200,김도경
2019-04-19 3:19,상품W,,김지후
2019-02-03 2:15,상품E,500,김건우
2019-05-25 19:28,상품R,1800,김서후
2019-04-12 9:07,상품N,1400,김민서
2019-02-24 5:24,상품G,700,김재원
2019-03-03 14:43,상품U,2100,김태준
2019-06-25 16:00,상품N,,김주혁
2019-05-23 7:43,상품Y,2500,김민재
2019-01-30 9:40,상품L,,김도율
2019-03-01 23:59,상품W,2300,김시우
2019-06-01 20:10,상품D,400,김민건
2019-02-22 12:09,상품O,1500,김주원
2019-07-29 15:15,상품N,1400,김태인
2019-07-09 12:15,상품J,1000,김준석
2019-03-16 17:23,상품A,,김주원
2019-04-08 10:11,상품H,800,김유진
2019-04-25 10:32,상품D,400,김태민
2019-02-07 15:38,상품K,1100,김태훈
2019-03-24 3:52,상품B,200,김다온
2019-03-07 20:23,상품C,,김태인
2019-03-24 8:21,상품M,1300,김민재
2019-01-30 5:56,상품T,2000,김민기
2019-03-26 10:56,상품X,2400,정준기
2019-06-30 12:19,상품V,,김정후
2019-05-30 20:54,상품L,,김시환
2019-02-01 2:42,상품A,100,김시윤
2019-01-09 7:26,상품Y,2500,김승빈
2019-01-11 13:16,상품T,,김경민
2019-02-12 19:00,상품N,1400,김선우
2019-03-01 23:35,상품G,700,김도하
2019-02-04 23:40,상품M,1300,김재희
2019-02-05 0:38,상품T,2000,김정후
2019-03-29 13:36,상품F,600,김재민
2019-01-15 19:05,상품M,1300,김하진
2019-06-18 18:59,상품M,1300,김은호
2019-05-30 3:58,상품I,900,김윤성
2019-05-24 17:03,상품Y,2500,김지오
2019-04-12 3:49,상품G,700,김시호
2019-06-28 10:05,상품B,200,김민호
2019-05-01 23:12,상품U,2100,김지훈
2019-05-20 6:46,상품X,2400,김지율
2019-05-15 0:04,상품F,600,김시율
2019-01-18 4:19,상품J,1000,김경민
2019-06-09 10:26,상품A,100,김유진
2019-04-27 20:20,상품R,,김준영
2019-07-13 19:16,상품V,2200,김정훈
2019-05-31 19:25,상품P,1600,김주혁
2019-04-05 9:21,상품A,100,김우준
2019-06-12 14:36,상품O,1500,김주한
2019-06-20 19:09,상품Y,2500,김도현
2019-04-30 6:11,상품R,1800,김승민
2019-05-28 11:23,상품X,,김태인
2019-07-27 16:49,상품R,1800,김연준
2019-01-15 21:29,상품A,100,김예성
2019-02-08 19:17,상품Y,2500,김대현
2019-01-08 8:16,상품Q,1700,김지완
2019-01-18 10:46,상품V,2200,김건희
2019-04-10 9:25,상품O,1500,김태현
2019-07-18 14:45,상품O,1500,김지한
2019-03-22 8:38,상품M,1300,김지혁
2019-05-03 9:15,상품G,700,김라온
2019-03-15 19:37,상품S,,김태우
2019-01-30 8:14,상품K,1100,김성훈
2019-07-31 10:23,상품J,1000,김규민
2019-01-14 9:06,상품O,1500,김이안
2019-06-24 3:51,상품R,1800,김지완
2019-04-20 20:15,상품Q,1700,김서후
2019-02-25 9:28,상품M,,김가온
2019-02-17 13:42,상품C,,김지율
2019-02-12 12:10,상품W,,김지완
2019-04-30 15:25,상품G,700,김유준
2019-03-12 20:09,상품C,300,김시호
2019-03-23 16:47,상품P,1600,김정후
2019-01-17 15:31,상품N,1400,김지안
2019-04-21 17:08,상품N,,김대현
2019-07-24 15:59,상품A,100,김태인
2019-07-11 4:31,상품E,,김태영
2019-04-16 4:59,상품V,2200,김동우
2019-06-18 21:22,상품D,400,김태우
2019-03-13 14:04,상품U,2100,김은혁
2019-02-27 17:30,상품S,1900,김수호
2019-07-26 22:14,상품N,1400,김대현
2019-06-19 1:01,상품Y,2500,김연호
2019-07-30 0:10,상품R,1800,김민우
2019-06-22 22:40,상품N,1400,김우진
2019-02-20 1:15,상품W,2300,김하민
2019-04-09 3:38,상품J,1000,김지성
2019-06-06 15:39,상품L,1200,김유빈
2019-03-15 9:19,상품D,400,김지안
2019-03-30 4:13,상품S,1900,김주한
2019-06-09 4:18,상품Y,2500,김규민
2019-06-27 21:17,상품W,2300,김태준
2019-06-28 1:06,상품T,2000,김지안
2019-02-02 11:23,상품L,1200,김강민
2019-06-22 2:50,상품V,2200,김성훈
2019-03-14 2:09,상품R,1800,김준호
2019-06-04 17:12,상품H,800,김정훈
2019-03-18 15:55,상품E,500,김경민
2019-02-04 1:37,상품O,1500,김예성
2019-03-08 2:15,상품E,500,김은율
2019-01-08 16:50,상품V,2200,김우현
2019-05-21 22:36,상품 Q,1700,김민호
2019-05-18 19:13,상품H,800,김동현
2019-06-18 23:57,상품I,900,김태인
2019-04-08 20:59,상품M,1300,김준후
2019-05-09 8:39,상품M,1300,김준성
2019-06-06 22:54,상품X,2400,김라온
2019-06-18 11:32,상품L,1200,김승민
2019-03-03 18:09,상품F,,김승후
2019-03-03 2:11,상품E,500,김시온
2019-02-04 11:18,상품S,1900,김민기
2019-02-23 10:30,상품N,1400,김유빈
2019-03-08 2:37,상품I,900,김승빈
2019-01-16 8:25,상품O,1500,김지훈
2019-05-13 13:19,상품F,600,김지환
2019-03-15 22:52,상품B,200,김태영
2019-01-29 7:39,상품N,1400,정영훈
2019-05-26 21:45,상품O,1500,김준우
2019-01-11 20:09,상품P,1600,김승현
2019-07-28 7:46,상품V,2200,김승찬
2019-06-11 2:39,상품L,1200,김민우
2019-05-16 15:17,상품I,900,김하윤
2019-04-01 1:46,상품N,1400,김성윤
2019-02-05 14:53,상품U,2100,김진우
2019-07-20 23:37,상품J,1000,김성우
2019-07-11 21:56,상품X,,김지원
2019-01-26 23:24,상품E,500,김주원
2019-07-24 14:18,상품O,1500,김영준
2019-01-07 19:27,상품D,400,김지완
2019-03-27 11:07,상품C,300,김민재
2019-04-27 21:24,상품K,,김지호
2019-02-24 9:12,상품K,1100,김현민
2019-01-22 14:51,상품R,1800,정준기
2019-02-27 12:20,상품X,,김준희
2019-05-26 13:01,상품S,1900,김승유
2019-07-18 3:53,상품W,2300,김주호
2019-05-04 23:25,상품U,2100,김강현
2019-01-10 2:06,상품J,1000,김강민
2019-01-04 16:02,상품C,300,김현우
2019-05-14 13:44,상품I,900,김준희
2019-03-09 21:30,상품Q,1700,김서윤
2019-04-19 5:01,상품E,500,김유찬
2019-06-27 13:45,상품V,2200,김진우
2019-04-17 10:34,상품D,400,김유준
2019-04-23 9:22,상품R,1800,김재원
2019-01-15 8:30,상품F,600,김승찬
2019-04-07 7:50,상품B,,김우진
2019-06-08 16:39,상품K,1100,김도훈
2019-02-11 22:59,상품A,100,김유찬
2019-06-01 7:17,상품T,2000,김성현
2019-04-01 18:01,상품A,100,김시훈
2019-03-03 20:02,상품U,2100,김민서
2019-07-29 7:17,상품Y,2500,김민찬
2019-03-19 13:25,상품Q,1700,김도현
2019-01-07 14:54,상품L,1200,김재현
2019-01-03 6:38,상품R,1800,김정원
2019-01-20 10:07,상품H,800,김지안
2019-06-04 9:19,상품S,1900,김은성
2019-03-18 6:28,상품Q,1700,김지우
2019-07-16 19:24,상품S,1900,김강민
2019-02-01 7:57,상품W,,김도윤
2019-04-07 12:49,상품H,800,김지환
2019-07-05 8:44,상품G,700,김준희
2019-06-12 6:05,상품M,1300,김라온
2019-02-18 9:24,상품A,100,김주영
2019-01-25 0:44,상품M,1300,김지완
2019-01-27 8:41,상품M,1300,김수호
2019-03-08 10:07,상품Q,1700,김성우
2019-03-10 20:21,상품T,2000,김동건
2019-03-04 0:36,상품X,2400,김준호
2019-02-05 19:22,상품U,2100,김태경
2019-07-11 15:43,상품O,1500,김지율
2019-01-12 4:00,상품S,1900,김정훈
2019-06-28 2:25,상품E,500,김서준
2019-02-24 1:07,상품C,,김현성
2019-04-09 23:43,상품C,300,김라온
2019-04-10 22:29,상품R,,김원준
2019-06-26 4:00,상품J,1000,김유빈
2019-05-12 14:43,상품G,700,김민서
2019-06-15 18:17,상품L,1200,김호준
2019-07-29 11:07,상품Y,2500,김재윤
2019-05-21 4:48,상품P,1600,김우찬
2019-04-17 21:13,상품O,1500,김하진
2019-04-08 7:49,상품K,1100,김수현
2019-02-14 2:29,상품C,300,김준형
2019-06-24 5:06,상품A,,김시호
2019-02-05 2:22,상품N,,김준형
2019-06-27 11:24,상품J,1000,김도윤
2019-05-18 10:53,상품N,1400,김지완
2019-05-31 22:43,상품X,2400,김건희
2019-02-02 12:24,상품U,2100,김우준
2019-03-15 9:14,상품A,,김강현
2019-07-30 9:08,상품J,1000,김태양
2019-07-07 20:15,상품G,700,김민찬
2019-04-16 7:35,상품S,1900,김성훈
2019-07-09 17:04,상품J,1000,김태인
2019-06-21 11:31,상품Q,1700,김상민
2019-02-26 19:32,상품X,2400,김정훈
2019-01-30 18:07,상품R,1800,김지용
2019-02-21 4:51,상품C,,김현승
2019-04-13 9:28,상품Y,2500,김수현
2019-03-08 13:07,상품U,2100,김도윤
2019-06-25 13:52,상품L,1200,김주영
2019-03-31 10:49,상품B,200,김은율
2019-02-01 9:43,상품Q,1700,김민준
2019-03-17 18:24,상품R,1800,김재현
2019-07-22 11:53,상품A,100,김시훈
2019-02-15 3:51,상품P,1600,김성준
2019-03-24 9:28,상품L,1200,김하준
2019-04-04 18:20,상품L,1200,김윤찬
2019-05-14 0:57,상품H,800,김세현
2019-04-26 13:34,상품D,400,김우빈
2019-05-11 10:22,상품D,400,김범준
2019-07-02 5:38,상품R,1800,김승빈
2019-03-20 2:16,상품A,100,김라온
2019-07-16 1:12,상품S,1900,김하준
2019-03-24 8:04,상품Y,2500,김호준
2019-07-06 16:39,상품C,300,김연호
2019-01-09 10:04,상품V,2200,김태우
2019-05-16 2:34,상품A,100,김주안
2019-06-15 10:42,상품N,1400,김현수
2019-04-07 21:07,상품M,1300,김하랑
2019-04-12 6:04,상품E,500,김예찬
2019-03-12 14:52,상품C,300,김현수
2019-05-30 15:35,상품A,100,김동건
2019-05-17 12:32,상품A,100,김연호
2019-01-21 15:26,상품N,1400,김도경
2019-05-18 13:09,상품W,2300,김서진
2019-04-05 13:51,상품X,2400,김현서
2019-06-28 21:54,상품I,900,김유찬
2019-01-18 10:33,상품L,1200,김재윤
2019-05-10 22:53,상품Y,2500,김승훈
2019-06-17 1:07,상품P,1600,김성준
2019-02-09 9:06,상품D,400,김승현
2019-02-13 11:59,상품V,,김윤호
2019-01-11 16:52,상품O,1500,김서진
2019-07-05 11:48,상품L,1200,김재희
2019-05-10 6:35,상품B,200,김준우
2019-03-10 1:46,상품J,1000,김주현
2019-06-29 10:48,상품S,,김은성
2019-01-01 18:02,상 품X,2400,김주안
2019-05-02 2:19,상품D,400,김지완
2019-04-09 16:48,상품B,200,김지율
2019-05-18 4:25,상품K,1100,김유찬
2019-02-12 12:26,상품R,1800,김현석
2019-07-06 10:11,상품V,2200,김찬영
2019-01-14 15:53,상품N,1400,김하진
2019-02-08 18:40,상품A,100,김재희
2019-05-30 20:12,상품Q,,김윤우
2019-07-15 21:28,상품I,900,김동현
2019-04-20 16:01,상품P,1600,김지안
2019-07-20 17:48,상품E,500,김동하
2019-07-17 19:57,상품B,200,김승준
2019-01-09 17:27,상품S,1900,김동우
2019-01-10 20:34,상품Q,1700,김준우
2019-01-01 0:20,상품O,1500,김민석
2019-05-07 3:19,상품W,2300,김현수
2019-04-29 14:03,상품D,400,김상민
2019-01-26 17:01,상품K,1100,김찬우
2019-06-12 0:11,상품J,1000,김은성
2019-02-28 13:53,상품X,2400,김상현
2019-02-25 16:24,상품J,1000,김태윤
2019-04-09 18:43,상품C,300,김민혁
2019-07-19 21:53,상품V,2200,김민규
2019-04-25 12:17,상품C,300,김윤우
2019-07-26 4:57,상품D,,김재준
2019-01-18 11:10,상품H,800,김하윤
2019-06-30 9:04,상품O,1500,김규현
2019-03-29 22:27,상품K,1100,김지완
2019-07-27 19:30,상품U,2100,김시호
2019-07-25 23:48,상품N,1400,김수민
2019-05-21 3:34,상품E,500,김성민
2019-05-21 9:45,상품D,400,김예찬
2019-04-25 9:33,상품Y,2500,김시호
2019-07-10 14:28,상품B,200,김준수
2019-03-11 1:07,상품G,700,김승우
2019-07-05 12:35,상품X,2400,정영훈
2019-01-18 19:42,상품X,2400,김재윤
2019-06-07 6:50,상품B,200,김재윤
2019-03-19 22:22,상품S,,김태양
2019-02-05 19:59,상품T,2000,김윤서
2019-06-16 1:51,상품O,1500,김현진
2019-07-07 23:16,상품W,2300,김시현
2019-07-27 3:11,상품Q,1700,김우진
2019-06-11 18:51,상품M,1300,김수혁
2019-04-28 9:04,상품Q,1700,김수호
2019-02-11 7:40,상품O,1500,김도훈
2019-01-16 2:18,상품J,1000,김지오
2019-04-30 7:48,상품B,200,김서윤
2019-04-02 16:05,상품K,,김민호
2019-05-23 15:17,상품S,1900,김재호
2019-04-12 12:13,상품F,600,김주한
2019-06-02 11:39,상품C,,김민석
2019-06-05 16:12,상품O,1500,김현승
2019-02-04 10:24,상품S,1900,김원준
2019-05-30 1:04,상품T,2000,김예찬
2019-02-06 5:48,상품H,800,정우석
2019-06-13 15:45,상품R,,김민서
2019-03-17 16:50,상품P,1600,김범준
2019-02-12 6:06,상품A,100,김태경
2019-03-03 19:16,상품U,2100,김재준
2019-05-19 1:37,상품H,800,김서준
2019-01-10 21:39,상품J,1000,김민서
2019-07-10 8:40,상품S,1900,김준호
2019-07-19 14:12,상품A,,김서윤
2019-03-06 23:05,상품Q,1700,김서윤
2019-02-23 7:32,상품G,,김우진
2019-07-11 19:08,상품P,1600,김유준
2019-03-27 23:14,상품Q,1700,김시완
2019-02-04 9:49,상품R,1800,김승호
2019-06-22 18:06,상품X,,김승빈
2019-04-29 8:13,상품Y,2500,김진우
2019-01-15 17:00,상품R,1800,김이준
2019-02-08 6:03,상품P,1600,김주호
2019-07-21 11:51,상품Q,1700,김민석
2019-06-26 14:31,상품I,900,김이안
2019-05-20 3:59,상품D,400,김성빈
2019-05-16 5:00,상품F,600,김하랑
2019-01-10 0:51,상품X,,김한결
2019-04-02 16:22,상 품Y,2500,김승빈
2019-05-21 20:16,상품O,1500,김현서
2019-02-05 22:18,상품D,400,김은율
2019-02-07 17:01,상품S,1900,김경민
2019-05-30 3:41,상품O,1500,김도율
2019-01-02 19:30,상품F,600,김승유
2019-04-20 23:34,상품S,1900,김지우
2019-06-06 11:21,상품F,600,김재혁
2019-07-11 2:59,상품G,700,김재준
2019-02-17 0:38,상품T,2000,김민석
2019-03-28 18:22,상품J,1000,김우주
2019-01-30 17:24,상품B,,김재윤
2019-02-24 12:11,상품O,1500,김강현
2019-01-12 19:06,상품M,1300,정영훈
2019-05-07 19:53,상품O,,김경민
2019-05-23 3:56,상품O,1500,김수민
2019-04-13 21:53,상품F,600,김하윤
2019-03-18 2:54,상품J,1000,김태영
2019-07-02 9:51,상품V,,김승찬
2019-05-17 13:47,상품I,900,김성현
2019-07-06 16:57,상품S,1900,김유진
2019-06-21 2:38,상품H,,김준희
2019-01-20 17:17,상품C,300,김지민
2019-01-26 17:51,상품I,900,김시율
2019-03-27 21:16,상품B,200,김태경
2019-05-12 3:30,상품W,2300,김수호
2019-01-25 14:35,상품J,1000,김태양
2019-04-11 16:11,상품B,200,김재민
2019-05-28 7:29,상품N,,김시우
2019-05-09 21:37,상품N,1400,김민수
2019-02-02 1:06,상품V,2200,김건희
2019-02-26 18:16,상품X,2400,김현우
2019-07-08 3:46,상품R,1800,김동우
2019-05-15 2:22,상품H,800,김승우
2019-05-26 1:29,상품U,2100,김주현
2019-03-19 12:23,상품E,500,김건우
2019-07-14 8:24,상품L,1200,김우준
2019-06-12 10:08,상품A,100,김지용
2019-04-20 6:31,상품F,600,김지율
2019-03-02 21:37,상품V,2200,김하민
2019-05-10 18:16,상품E,500,김규민
2019-02-01 2:08,상품L,1200,김원준
2019-04-21 11:00,상품K,1100,김유준
2019-06-04 15:09,상품I,900,김민재
2019-01-20 8:18,상품C,300,김유빈
2019-01-08 10:41,상품R,1800,김승찬
2019-06-04 3:45,상품F,600,김유찬
2019-05-30 19:49,상품L,1200,김유준
2019-03-23 12:38,상품X,2400,김현서
2019-05-08 18:42,상품G,700,김지용
2019-03-04 17:32,상품I,900,김준영
2019-06-25 22:45,상품H,800,김현수
2019-07-27 8:27,상품P,1600,김서윤
2019-07-02 23:56,상품L,1200,김유진
2019-04-22 16:45,상품X,2400,김라온
2019-03-08 22:27,상품H,800,김서율
2019-05-11 23:23,상품C,300,김재준
2019-04-30 7:35,상품Y,2500,정우석
2019-05-25 13:09,상품S,1900,김예찬
2019-07-11 19:13,상품X,2400,김현석
2019-02-18 10:26,상품R,1800,김정원
2019-07-16 19:33,상품B,200,김이안
2019-05-25 17:26,상품I,900,김태영
2019-04-13 0:19,상품J,1000,김태훈
2019-07-26 15:06,상품A,100,김연준
2019-05-08 15:42,상품P,1600,김현성
2019-04-01 17:58,상품A,100,김도하
2019-01-16 8:26,상 품H,800,김연호
2019-02-02 21:22,상품I,,김영준
2019-07-03 17:02,상품K,1100,김강현
2019-07-10 15:06,상품R,,김상민
2019-02-15 7:04,상품F,600,김우현
2019-01-26 18:35,상품S,,김은찬
2019-03-30 14:21,상품R,1800,김태인
2019-05-09 0:04,상품K,1100,김상민
2019-05-15 21:50,상품C,300,김승우
2019-03-09 13:16,상품V,2200,김민혁
2019-03-07 11:33,상품U,2100,김승호
2019-03-30 21:05,상품N,1400,김태훈
2019-01-05 23:39,상품G,700,김정민
2019-06-03 12:10,상품J,1000,김은혁
2019-02-26 3:21,상품A,100,김현우
2019-05-19 1:58,상품J,1000,김성우
2019-06-12 13:57,상품L,,김준수
2019-01-17 8:13,상품X,,김정훈
2019-07-18 1:20,상품F,600,김은성
2019-04-17 9:07,상품V,2200,김규현
2019-03-05 6:22,상품T,2000,김준우
2019-03-06 7:53,상품F,600,김태민
2019-06-07 18:31,상품F,600,김성현
2019-07-31 12:08,상품G,700,김준서
2019-04-21 21:59,상품X,2400,김지우
2019-07-03 7:49,상품M,1300,김현성
2019-04-19 23:56,상품I,900,김지성
2019-01-14 4:53,상품Q,1700,김윤성
2019-04-01 11:46,상품O,1500,김규현
2019-05-14 1:28,상품E,500,김서후
2019-04-20 22:59,상품M,1300,김현서
2019-01-20 6:25,상품O,1500,김찬우
2019-02-07 2:26,상품C,300,김도원
2019-05-26 5:02,상품R,1800,김민준
2019-04-26 2:01,상품F,600,김정민
2019-03-26 4:13,상품N,1400,김승빈
2019-06-11 0:58,상품F,600,김지민
2019-06-02 12:29,상품W,2300,김윤호
2019-07-04 7:31,상품E,500,김시율
2019-07-01 15:43,상품L,1200,김현준
2019-01-13 23:23,상품I,900,김서윤
2019-07-15 11:10,상품V,,김동욱
2019-05-05 17:06,상품N,1400,김성윤
2019-06-07 0:56,상품E,500,김윤성
2019-01-07 11:27,상품P,1600,김민건
2019-06-14 1:03,상품N,1400,김재영
2019-06-05 19:17,상품U,2100,김준우
2019-03-19 11:19,상품Q,1700,김주영
2019-06-23 21:12,상품K,1100,김은찬
2019-02-24 7:41,상품K,1100,김윤재
2019-06-24 15:49,상품U,2100,김가온
2019-06-01 2:27,상품C,300,김지안
2019-03-13 1:59,상품S,1900,김강현
2019-04-23 5:03,상품H,,정준기
2019-01-21 0:34,상품J,1000,김수혁
2019-04-09 14:21,상품Q,1700,김도원
2019-01-07 5:02,상품O,1500,김서준
2019-04-23 2:45,상품N,,김지혁
2019-05-22 0:13,상품K,,김태인
2019-06-22 3:44,상품I,900,김도윤
2019-07-03 16:16,상품H,800,김우현
2019-03-22 6:07,상품B,200,김시우
2019-01-07 7:25,상품L,1200,김성준
2019-01-02 13:52,상품L,1200,김현성
2019-03-04 2:46,상품U,2100,김선우
2019-02-20 19:32,상품B,200,김민건
2019-02-18 16:38,상품P,1600,김윤우
2019-01-08 4:31,상품L,1200,김시윤
2019-05-22 20:55,상품U,2100,김시훈
2019-01-05 17:58,상품S,1900,김태영
2019-05-02 3:07,상품I,900,김연준
2019-04-20 4:37,상품I,900,김은혁
2019-02-28 20:29,상품A,100,김현수
2019-06-17 19:16,상 품C,300,김지호
2019-05-18 15:43,상품C,,김동현
2019-02-04 7:23,상품H,800,김우주
2019-05-15 18:33,상품C,300,김은율
2019-07-13 20:55,상품H,800,김규현
2019-04-11 22:21,상품J,1000,김은성
2019-06-17 15:11,상품K,1100,김하준
2019-07-26 2:27,상품Q,1700,김승훈
2019-03-20 4:25,상품W,2300,김가온
2019-01-05 1:01,상품U,2100,김시온
2019-01-09 20:21,상품S,1900,김연준
2019-02-16 12:40,상품T,2000,김민수
2019-04-10 19:08,상품H,,김세현
2019-06-19 19:11,상품F,600,김현서
2019-07-13 12:08,상품B,200,김우현
2019-07-22 14:12,상품N,,김상민
2019-01-08 3:45,상품K,,김은호
2019-01-25 14:54,상품S,1900,김시우
2019-02-21 3:31,상품W,2300,김도영
2019-01-05 12:59,상품L,1200,김재혁
2019-05-09 10:31,상품G,700,김정민
2019-04-16 22:06,상품R,1800,김재민
2019-04-30 3:55,상품V,2200,김승찬
2019-02-09 4:09,상품P,1600,김규현
2019-06-22 16:15,상품U,2100,김준우
2019-07-15 11:38,상품J,1000,김지훈
2019-03-29 21:28,상품W,2300,김우현
2019-03-04 20:28,상품W,2300,김성현
2019-03-17 0:02,상품B,200,김준영
2019-03-10 17:30,상품Q,1700,김한결
2019-01-10 16:33,상품I,900,김현우
2019-02-25 17:44,상품 B,,김승주
2019-03-02 19:02,상품O,1500,김예찬
2019-04-05 6:09,상품P,1600,김지우
2019-06-22 0:59,상품H,800,김승후
2019-05-22 20:43,상품R,1800,김지원
2019-02-25 18:17,상품O,1500,김도현
2019-04-30 8:53,상품Q,1700,김하준
2019-07-08 20:15,상품B,200,김찬우
2019-06-29 4:58,상품R,1800,김현성
2019-03-01 9:20,상품O,1500,김가온
2019-07-15 22:51,상품J,1000,김시환
2019-04-17 18:30,상품B,,김지운
2019-01-09 7:07,상품E,500,김현석
2019-05-02 15:15,상품B,200,김예준
2019-03-30 1:13,상품C,300,김이안
2019-02-27 3:38,상품U,2100,김주혁
2019-03-27 15:33,상품Q,,김도훈
2019-01-18 4:12,상품A,100,김이준
2019-06-12 18:06,상품W,,정도형
2019-01-30 0:45,상품V,,정우석
2019-05-27 6:43,상품F,600,김성현
2019-05-09 2:50,상품X,2400,김우진
2019-04-24 22:09,상품H,800,김태준
2019-02-27 18:56,상품Q,1700,김주원
2019-06-25 1:44,상품Q,1700,김상민
2019-05-25 17:40,상품S,1900,김이준
2019-05-26 21:14,상품E,500,김재윤
2019-01-15 18:36,상품T,2000,김하진
2019-01-09 5:36,상품T,2000,김우영
2019-04-12 1:58,상품B,200,김지운
2019-07-11 4:12,상품T,2000,김예성
2019-02-18 15:17,상품N,1400,김도영
2019-06-14 9:45,상품V,2200,김시훈
2019-06-03 9:06,상품K,1100,김범준
2019-04-09 19:19,상품N,1400,김정후
2019-03-22 6:16,상품V,2200,김승윤
2019-04-24 21:02,상품T,2000,김민호
2019-03-20 7:41,상품F,600,김현서
2019-02-01 14:49,상품B,200,김민수
2019-03-12 3:16,상품O,,김승찬
2019-03-19 8:45,상품B,200,김현성
2019-05-31 21:05,상품B,200,김예성
2019-01-13 4:57,상품D,,김현서
2019-01-16 13:29,상품 O,1500,김승빈
2019-03-03 4:02,상품L,1200,김주혁
2019-03-16 1:46,상품C,300,김민재
2019-07-16 5:19,상품A,100,김현석
2019-06-23 8:16,상품S,1900,김호준
2019-02-28 9:08,상품H,800,김승우
2019-01-25 20:00,상품L,1200,정우석
2019-01-27 2:02,상품S,1900,김찬영
2019-06-01 7:32,상품V,2200,김하준
2019-03-10 14:46,상품O,1500,김성민
2019-05-03 16:31,상품P,1600,김유빈
2019-03-01 22:05,상품P,1600,김재윤
2019-01-19 19:23,상품V,2200,김도경
2019-03-05 1:27,상품X,2400,김시우
2019-04-23 23:11,상품C,300,김우영
2019-02-26 21:35,상품X,2400,김지안
2019-01-04 9:03,상품C,300,김이안
2019-05-13 23:52,상품U,2100,김재호
2019-06-22 2:41,상품T,2000,정준기
2019-01-16 18:49,상품B,200,김지한
2019-03-06 9:51,상품C,300,김민서
2019-05-26 22:34,상품Q,1700,김우주
2019-04-09 1:00,상품T,2000,김도훈
2019-01-22 3:28,상품B,200,김민수
2019-06-24 7:25,상품S,1900,김세현
2019-07-02 0:59,상품F,600,김서준
2019-04-09 7:04,상품S,1900,김우빈
2019-04-19 17:10,상품S,1900,김우현
2019-06-20 5:44,상품A,100,김윤성
2019-01-17 7:34,상품M,1300,김주안
2019-07-30 9:53,상품T,2000,김준수
2019-01-28 17:04,상품A,100,김하율
2019-02-15 8:10,상품T,2000,김주혁
2019-04-15 19:40,상품W,2300,김하준
2019-01-26 12:39,상품G,700,김재준
2019-03-23 10:32,상품V,2200,김서진
2019-07-07 9:07,상품Y,2500,김주원
2019-06-15 2:23,상품M,1300,김도훈
2019-02-04 13:22,상품J,1000,김주호
2019-07-13 23:49,상품O,1500,김민호
2019-03-18 6:34,상품P,1600,김준수
2019-02-17 6:40,상품S,1900,김시현
2019-01-27 6:10,상품A,100,김재민
2019-07-22 16:56,상품 T,2000,김윤재
2019-04-07 5:33,상품M,1300,김시완
2019-04-14 3:40,상품R,1800,김재혁
2019-04-20 20:27,상품I,,김수혁
2019-07-27 20:32,상품P,1600,김주혁
2019-07-02 11:03,상품B,200,김상민
2019-07-31 18:08,상품O,1500,김은성
2019-05-08 18:58,상품M,1300,김준석
2019-05-15 21:18,상품F,600,김현민
2019-02-26 11:06,상품B,200,김현우
2019-06-13 2:52,상품H,800,김은혁
2019-03-03 23:38,상품Q,1700,김재영
2019-04-26 0:14,상품U,2100,김성윤
2019-02-08 16:06,상품H,800,김하람
2019-01-18 9:18,상품Q,,김태민
2019-07-20 14:25,상품T,2000,김규민
2019-05-09 11:13,상품V,2200,김규민
2019-06-14 15:46,상품G,,김우영
2019-06-02 23:43,상품V,2200,김서윤
2019-07-17 13:07,상품E,500,김도현
2019-05-01 10:42,상품V,,김서율
2019-02-23 10:46,상품X,2400,김시우
2019-05-01 2:27,상품Q,1700,김지운
2019-02-11 17:50,상품F,600,김우찬
2019-04-12 20:58,상품L,1200,김지성
2019-03-27 23:07,상품G,,김승호
2019-02-17 18:37,상품I,900,김성우
2019-04-02 15:20,상품G,700,김도하
2019-06-21 7:32,상품Q,1700,김승훈
2019-05-30 14:02,상품Y,2500,김선우
2019-05-31 3:51,상품T,2000,김태민
2019-01-15 22:59,상품A,,김하진
2019-03-06 21:42,상품P,1600,김지운
2019-02-11 11:33,상품L,1200,김현민
2019-03-20 8:17,상품T,2000,김민기
2019-05-25 7:57,상품B,200,김지민
2019-05-13 5:51,상품T,2000,김성민
2019-05-26 12:11,상품D,400,김현서
2019-01-05 3:03,상품L,1200,김대현
2019-07-26 21:28,상품Q,1700,김승유
2019-05-22 12:00,상품D,400,김승준
2019-07-09 19:18,상품H,800,김승찬
2019-07-06 8:33,상품C,300,김민우
2019-07-21 4:32,상품O,1500,김연준
2019-05-28 17:36,상품A,100,김영준
2019-05-02 1:58,상품P,,김현준
2019-02-13 19:12,상품Q,1700,김지운
2019-02-19 18:30,상품Q,1700,김성현
2019-05-05 13:12,상품A,100,김현우
2019-03-14 23:23,상품X,2400,김도원
2019-04-30 21:09,상품T,2000,김주원
2019-02-21 10:04,상품J,1000,김민우
2019-01-17 20:33,상품N,1400,김윤서
2019-06-04 19:01,상품V,2200,김준형
2019-01-14 7:43,상품P,1600,김이준
2019-02-14 8:23,상품R,1800,김예찬
2019-02-11 18:17,상품N,1400,김지오
2019-01-30 10:27,상품C,300,김현수
2019-01-22 1:41,상품Q,1700,김동건
2019-03-02 12:51,상품A,100,김지환
2019-04-25 10:03,상품W,2300,김재현
2019-02-27 7:17,상품Q,1700,김재준
2019-04-03 3:43,상품L,1200,김은혁
2019-04-28 14:54,상품J,1000,김현성
2019-05-29 3:02,상품X,2400,김성우
2019-03-31 23:41,상품C,,정영훈
2019-04-14 23:36,상품E,500,김정훈
2019-06-10 22:37,상품H,800,김민건
2019-02-15 20:50,상품J,1000,김시율
2019-06-15 19:50,상품O,1500,김서윤
2019-02-13 19:13,상품R,1800,김도율
2019-06-01 10:43,상품F,600,김태준
2019-06-11 8:44,상품T,2000,김대현
2019-05-13 8:29,상품M,1300,김영준
2019-07-17 13:31,상품D,400,김유준
2019-05-23 15:33,상품N,1400,김지완
2019-07-06 22:22,상품D,400,김승민
2019-05-27 15:23,상품C,300,김지환
2019-06-05 7:52,상품B,200,김준후
2019-04-24 1:31,상품C,300,김수혁
2019-05-02 0:06,상품M,1300,김지후
2019-02-28 19:41,상품W,2300,김도영
2019-05-17 6:37,상품O,1500,김현진
2019-03-01 3:48,상품B,200,김승호
2019-05-05 23:37,상품U,2100,김민혁
2019-07-04 3:59,상품T,2000,김민수
2019-03-15 13:47,상품K,1100,김한결
2019-05-10 15:27,상품U,2100,김시율
2019-03-03 0:17,상품P,1600,김서진
2019-04-20 9:46,상품T,2000,김시윤
2019-02-04 9:09,상품M,1300,김윤우
2019-06-18 1:55,상품A,100,김준영
2019-04-21 20:42,상품P,1600,김은찬
2019-01-19 1:21,상품P,1600,김수호
2019-02-14 23:47,상품L,1200,김민기
2019-06-22 16:42,상품P,1600,김수혁
2019-04-05 8:54,상품Q,1700,김성현
2019-05-25 21:07,상품S,1900,김이안
2019-04-01 21:13,상 품O,1500,김재윤
2019-06-02 3:50,상품M,1300,김예성
2019-05-08 12:29,상품N,1400,김찬우
2019-03-31 9:41,상품D,,김우찬
2019-04-07 11:15,상품K,1100,김수호
2019-01-25 8:45,상품C,300,김도경
2019-03-09 20:15,상품I,900,김상민
2019-06-12 14:47,상품Q,1700,김지운
2019-05-31 0:46,상품G,700,김원준
2019-02-18 8:16,상품v,2200,김연호
2019-04-20 1:40,상품S,1900,김지호
2019-03-31 11:35,상품D,400,김도현
2019-03-17 5:57,상품D,400,김승준
2019-06-23 15:15,상품A,100,김상현
2019-07-25 12:14,상품G,700,김이안
2019-03-04 4:15,상품M,1300,김재희
2019-03-09 19:11,상품A,100,김수민
2019-04-24 3:12,상품A,100,정영훈
2019-04-19 22:55,상품Q,1700,김주현
2019-05-16 7:12,상품S,1900,김태영
2019-02-28 13:56,상품H,800,김준후
2019-02-22 10:35,상품D,400,김다온
2019-07-24 0:28,상품M,1300,김윤호
2019-02-08 21:40,상품T,2000,김재준
2019-01-31 17:57,상품G,700,김지민
2019-05-15 8:27,상품E,500,김도하
2019-01-02 13:31,상품K,1100,김건희
2019-06-05 10:28,상품Y,2500,김준형
2019-01-09 16:23,상품G,700,김지후
2019-04-23 18:25,상품C,300,김승준
2019-02-16 11:25,상품V,2200,김도현
2019-07-18 22:03,상품G,700,김현성
2019-05-15 8:45,상품X,2400,김유준
2019-06-26 19:07,상품K,1100,김준우
2019-05-28 13:45,상품Y,2500,김수현
2019-06-19 14:54,상품S,1900,김하람
2019-01-19 15:12,상품C,300,김성빈
2019-07-22 1:52,상품H,800,김하진
2019-03-19 22:29,상품B,200,정준기
2019-06-04 4:31,상품S,,김동우
2019-07-14 8:53,상품W,2300,김예찬
2019-03-29 9:55,상품L,,김은율
2019-02-22 20:53,상품V,2200,김호준
2019-05-30 9:20,상품M,1300,김지오
2019-04-14 15:56,상품R,1800,김현석
2019-07-13 5:02,상품S,1900,김하준
2019-04-30 23:52,상품O,1500,김이준
2019-01-21 20:47,상품N,1400,김준후
2019-01-16 21:00,상품G,,김정현
2019-05-21 1:30,상품J,1000,김지혁
2019-03-05 6:57,상품M,1300,김태민
2019-03-30 7:28,상품H,800,김성준
2019-03-08 17:28,상품Y,2500,김성빈
2019-05-04 5:54,상품G,,김윤성
2019-06-23 10:24,상품T,2000,김가온
2019-01-21 20:52,상품T,2000,김수민
2019-04-23 5:13,상품V,2200,정영훈
2019-07-01 1:09,상품J,1000,김하랑
2019-06-22 6:12,상품W,2300,김태인
2019-06-11 9:07,상품Y,2500,김승유
2019-02-11 12:22,상품T,,김규현
2019-06-10 4:25,상품U,2100,김다온
2019-06-28 8:30,상품p,1600,김우진
2019-02-09 12:36,상품W,2300,김지완
2019-06-04 3:03,상품S,,김지훈
2019-04-16 1:17,상품H,800,김유준
2019-02-22 18:37,상품R,1800,김주환
2019-07-07 21:49,상품A,,김은우
2019-07-23 23:43,상품H,800,김예성
2019-04-28 10:07,상품Q,1700,김범준
2019-02-12 7:22,상품V,2200,김태경
2019-06-13 2:20,상품A,100,김준서
2019-04-19 18:20,상품I,900,김하민
2019-07-10 13:03,상품G,700,김민건
2019-06-14 17:15,상품N,1400,김시호
2019-01-10 15:50,상품T,2000,김라온
2019-01-06 13:02,상품E,,김예준
2019-02-20 10:23,상품L,1200,김성우
2019-04-14 13:19,상품T,2000,김진우
2019-03-23 20:08,상품L,1200,김지한
2019-03-23 23:07,상품B,200,김지혁
2019-05-09 0:35,상품J,,김우현
2019-06-13 16:29,상품N,1400,김은우
2019-03-22 0:04,상품D,400,김지후
2019-02-23 22:28,상품N,1400,김도원
2019-06-02 9:24,상품V,2200,김하윤
2019-06-11 12:52,상품B,200,김시완
2019-03-08 3:18,상품Y,2500,정우석
2019-02-02 23:24,상품D,400,김하진
2019-01-11 16:05,상품V,2200,김준혁
2019-01-16 5:32,상품T,2000,김서준
2019-04-24 10:56,상품F,600,김현승
2019-07-25 6:56,상품N,1400,김호준
2019-07-17 17:56,상품I,900,김승윤
2019-07-14 6:42,상품i,900,김주안
2019-07-26 14:59,상품C,,김라온
2019-05-21 12:25,상품W,2300,김주혁
2019-03-05 6:11,상품W,2300,김하민
2019-03-01 16:07,상품H,800,김승민
2019-06-08 16:38,상품O,1500,김하민
2019-03-17 14:00,상품P,1600,김지오
2019-07-18 6:57,상품C,300,김지오
2019-03-21 7:53,상품J,1000,김성빈
2019-05-25 17:11,상품M,1300,김민찬
2019-07-23 20:51,상품Y,2500,김준영
2019-05-28 2:44,상품O,1500,김우빈
2019-07-26 6:27,상품X,,김민준
2019-03-27 0:27,상품Y,2500,김은호
2019-03-19 4:32,상품M,1300,김재호
2019-04-23 2:16,상품G,700,김시현
2019-07-04 10:40,상품N,1400,김찬우
2019-06-15 0:31,상품J,1000,김시현
2019-02-10 4:30,상품Q,1700,김우영
2019-03-04 10:26,상품D,400,김승준
2019-03-18 13:47,상품F,600,김성빈
2019-01-07 13:19,상품C,300,김승환
2019-05-20 18:28,상품D,400,김태경
2019-07-06 21:09,상품P,1600,김재준
2019-01-21 13:05,상품K,1100,김규민
2019-07-18 23:04,상품W,,김민찬
2019-04-03 13:16,상품D,400,김수민
2019-04-26 14:06,상품R,1800,김지원
2019-02-24 11:35,상품B,200,김준성
2019-06-06 3:33,상품P,1600,김규민
2019-04-20 23:13,상품M,1300,김영준
2019-02-10 8:17,상품T,2000,김수민
2019-05-13 3:17,상품V,2200,김주안
2019-01-16 7:35,상품A,100,김강현
2019-07-09 16:35,상품G,700,정우석
2019-04-27 14:10,상품C,300,김재혁
2019-02-23 1:27,상품S,,김준형
2019-03-16 11:09,상품N,1400,김하율
2019-06-03 23:20,상품D,400,김지환
2019-03-08 10:32,상품S,1900,김승우
2019-03-07 5:20,상품S,1900,김진우
2019-05-14 12:56,상품I,900,김성우
2019-01-14 6:57,상품E,500,김시온
2019-03-18 3:18,상품I,900,김수현
2019-01-26 8:04,상품I,900,김수호
2019-01-31 2:01,상품V,2200,김재영
2019-05-16 8:27,상품 w,2300,김시훈
2019-04-20 19:10,상품E,500,김서진
2019-04-11 15:55,상품B,200,김도윤
2019-05-09 16:07,상 품 s,1900,김민준
2019-05-16 13:20,상품B,200,김하민
2019-07-14 7:43,상품X,2400,김민우
2019-01-27 16:30,상품W,2300,김민혁
2019-04-11 2:22,상품A,,김선우
2019-02-12 14:02,상품 g,700,김재훈
2019-01-05 0:53,상품U,2100,김준형
2019-06-01 1:12,상품H,800,김민기
2019-05-16 15:43,상품P,1600,김하민
2019-02-11 2:41,상품C,300,김은호
2019-04-22 17:18,상품X,2400,김은성
2019-03-10 3:52,상품A,100,김지완
2019-03-12 19:35,상품W,2300,김서윤
2019-05-16 13:25,상품P,,김시호
2019-05-19 15:46,상품C,300,김재민
2019-01-26 3:29,상품U,2100,김예성
2019-02-07 13:17,상품V,2200,김민준
2019-06-03 12:06,상품P,,김태윤
2019-07-29 21:50,상품K,1100,김윤우
2019-07-12 8:44,상품X,2400,김다온
2019-03-23 1:42,상품F,600,김시온
2019-05-05 15:26,상품W,2300,김지원
2019-02-23 10:44,상품Q,1700,김지민
2019-05-01 23:33,상품X,2400,김도원
2019-07-09 23:47,상 품 q,1700,김유진
2019-01-15 9:28,상품C,300,김동현
2019-05-16 21:50,상품I,900,김서후
2019-06-18 20:34,상품B,200,김우주
2019-01-19 12:15,상품A,100,김승현
2019-04-24 14:12,상품s,1900,김현성
2019-02-28 17:25,상품A,100,김라온
2019-06-09 18:50,상품U,2100,김주호
2019-01-01 17:39,상품K,1100,김동우
2019-02-10 16:36,상품H,800,김정훈
2019-02-10 15:53,상품L,1200,김주영
2019-07-13 10:26,상품K,1100,김준혁
2019-02-26 5:37,상품W,2300,김시우
2019-07-07 14:35,상품P,1600,김현승
2019-07-01 0:14,상품Y,2500,김주영
2019-03-17 9:05,상품U,2100,김은찬
2019-01-06 4:45,상품Q,1700,김승민
2019-03-03 10:02,상품W,2300,김우현
2019-02-11 3:14,상품I,900,김은성
2019-04-04 18:58,상품A,100,김승후
2019-07-03 1:53,상품V,2200,김준희
2019-01-29 3:34,상품C,,김승재
2019-04-28 3:03,상품S,1900,김지오
2019-03-02 15:03,상품U,,김태현
2019-06-30 17:00,상품N,,김시완
2019-03-08 13:20,상품T,2000,김수혁
2019-07-07 7:15,상품F,600,김준석
2019-01-01 23:51,상품l,1200,김성빈
2019-05-17 20:24,상품J,1000,김성현
2019-01-03 19:38,상품O,,김지우
2019-02-28 15:15,상품t,2000,김성민
2019-01-24 10:27,상품Y,2500,김범준
2019-02-15 4:36,상품F,600,김준석
2019-01-14 18:45,상품K,1100,김성우
2019-01-01 13:11,상품E,500,김은율
2019-06-05 8:09,상품R,1800,김상현
2019-04-22 17:30,상품L,,김다온
2019-04-22 8:04,상품M,1300,김지환
2019-01-14 10:59,상품N,1400,김현진
2019-05-02 22:45,상품O,1500,김지오
2019-02-03 19:57,상품K,1100,정준기
2019-06-26 9:45,상품J,1000,김우찬
2019-02-06 11:25,상품V,2200,김현수
2019-07-06 23:37,상품E,500,김은호
2019-04-04 1:53,상품I,900,김현석
2019-04-21 19:10,상품I,900,김규민
2019-07-17 6:52,상품E,500,김지완
2019-06-29 2:44,상품E,500,김민석
2019-01-26 12:06,상품U,2100,김승원
2019-02-11 19:12,상품K,,정도형
2019-01-21 11:49,상품A,100,김준호
2019-06-02 8:00,상품P,1600,김수현
2019-07-13 21:37,상품S,1900,김하민
2019-07-11 7:01,상품J,,김준후
2019-04-15 9:16,상품T,,김도경
2019-06-30 6:08,상품X,2400,김지민
2019-02-25 13:07,상품G,700,김현서
2019-05-30 5:24,상품S,,김성민
2019-06-25 11:15,상품D,400,김민규
2019-06-10 17:48,상품I,900,김성민
2019-04-12 14:43,상품F,600,김진우
2019-01-31 4:56,상품k,1100,김연호
2019-02-24 4:18,상품K,1100,김지오
2019-03-17 3:14,상품F,600,김윤찬
2019-07-11 9:59,상품H,800,김도영
2019-02-14 13:50,상품M,1300,김성준
2019-01-04 18:06,상품S,,김하진
2019-04-18 1:22,상품g,700,김지안
2019-03-05 23:50,상품W,,김성윤
2019-01-18 19:52,상품o,1500,김건우
2019-02-07 13:58,상품H,800,김현승
2019-07-25 7:57,상품L,1200,김재영
2019-02-04 22:06,상품O,1500,김원준
2019-02-24 23:31,상품J,1000,김성윤
2019-02-09 16:14,상품 R,1800,김하민
2019-07-04 14:46,상품H,800,김정현
2019-07-16 5:40,상품G,700,김예찬
2019-05-10 17:54,상품Y,,김태민
2019-06-18 4:10,상품W,2300,김현우
2019-04-09 2:56,상품E,,김민규
2019-01-13 20:42,상품G,700,김우현
2019-04-26 15:28,상품S,1900,김호준
2019-05-06 2:40,상품A,100,김은우
2019-07-02 1:19,상품V,2200,김예찬
2019-07-24 6:52,상품V,2200,김유진
2019-04-05 11:59,상품M,1300,김승민
2019-01-04 19:19,상품R,1800,김주현
2019-06-09 0:58,상품P,1600,김지민
2019-05-21 18:07,상품C,300,김서후
2019-06-28 13:25,상품Y,2500,김지우
2019-02-03 14:24,상품W,2300,김지혁
2019-01-09 12:42,상품 S,1900,김민석
2019-06-12 22:11,상품I,,김태양
2019-03-26 15:08,상품G,700,김성윤
2019-07-03 12:42,상품T,,김정후
2019-07-29 15:09,상품C,300,김승찬
2019-07-20 23:32,상품T,2000,김가온
2019-07-11 4:42,상품Q,,김동욱
2019-02-28 16:30,상품S,1900,김민준
2019-05-16 0:55,상품H,800,김시윤
2019-03-06 6:59,상품I,900,김지우
2019-01-09 5:39,상품T,,김지호
2019-06-12 16:51,상품S,1900,김유준
2019-02-01 8:41,상품R,,김은호
2019-01-21 7:51,상품Q,1700,김민재
2019-01-12 16:36,상품M,1300,김수혁
2019-05-01 5:49,상품O,1500,김경민
2019-04-09 5:13,상품B,200,김은호
2019-06-18 23:17,상품D,400,김민서
2019-05-30 15:26,상품Y,2500,김하랑
2019-04-23 12:37,상품N,1400,김주호
2019-05-30 22:26,상품K,1100,김원준
2019-01-23 6:47,상품R,1800,김재우
2019-06-14 3:46,상품L,1200,김예준
2019-02-12 0:47,상품C,300,김시환
2019-02-26 4:55,상품C,300,김시호
2019-04-24 1:25,상품X,2400,김승윤
2019-01-26 7:21,상품P,1600,김성준
2019-02-06 19:53,상품E,500,김승우
2019-05-03 3:03,상 품M,1300,김시우
2019-03-25 23:23,상품X,2400,김민건
2019-02-22 19:51,상품M,1300,김현우
2019-01-12 14:45,상품 V,2200,김건희
2019-02-08 7:02,상품J,1000,김서율
2019-07-02 4:19,상품X,2400,김재호
2019-06-23 2:00,상품J,1000,김주혁
2019-04-14 3:24,상품K,1100,김준형
2019-05-10 13:42,상품N,1400,김승준
2019-07-03 17:32,상품Q,1700,김서준
2019-02-04 13:44,상품O,,김민혁
2019-05-13 7:59,상품M,1300,김주혁
2019-01-20 14:59,상품V,2200,김규현
2019-01-09 15:38,상품T,2000,김승찬
2019-01-26 16:39,상품S,,김승우
2019-06-12 10:17,상품I,900,김은율
2019-05-04 14:09,상품K,1100,김지훈
2019-04-29 18:25,상품D,,김주안
2019-03-26 14:22,상품D,400,김서진
2019-02-10 15:29,상품V,2200,김동하
2019-01-23 20:40,상품X,2400,김원준
2019-04-30 18:46,상품V,2200,정우석
2019-03-04 13:29,상품T,2000,김정민
2019-03-07 23:51,상품F,600,김시율
2019-05-24 22:09,상품P,1600,김성우
2019-05-06 6:50,상품Y,2500,김민서
2019-04-02 11:55,상품N,1400,김규현
2019-04-10 15:59,상품E,500,김건희
2019-02-23 8:38,상품Q,,김준서
2019-04-17 4:55,상품P,1600,김승호
2019-03-13 4:51,상품F,600,김동건
2019-07-05 22:02,상품I,900,김지환
2019-03-16 19:43,상품T,,김도경
2019-07-14 2:31,상품O,,김지완
2019-04-03 13:45,상품X,2400,김민찬
2019-01-28 2:02,상품G,700,김지안
2019-06-08 4:55,상품P,1600,김세현
2019-06-23 19:33,상품E,500,김준석
2019-07-19 23:16,상품S,1900,김민건
2019-04-28 12:47,상품S,1900,김강현
2019-02-14 13:40,상품E,500,김재민
2019-04-15 1:41,상품B,,김민호
2019-01-02 7:25,상품O,,김승주
2019-01-19 1:10,상품S,1900,김지율
2019-01-21 12:41,상품I,900,김지호
2019-03-23 20:08,상품A,100,김은율
2019-07-11 15:21,상품L,1200,김진우
2019-02-19 13:55,상품W,2300,김은찬
2019-03-06 12:22,상품L,1200,김시온
2019-04-30 21:26,상품I,,김재윤
2019-04-18 10:32,상품M,1300,김준호
2019-04-27 4:28,상품V,2200,김민기
2019-04-01 3:08,상품F,600,김세현
2019-01-06 2:20,상품M,1300,김시훈
2019-04-13 5:42,상품U,2100,김주혁
2019-04-05 5:29,상품D,400,김성준
2019-02-24 13:55,상품D,400,김도원
2019-06-09 0:14,상품N,1400,김시환
2019-05-26 10:25,상품G,700,김도영
2019-06-16 17:53,상품E,500,김재혁
2019-02-24 21:25,상품F,600,김재훈
2019-07-30 22:58,상품V,2200,김주영
2019-02-24 2:46,상품E,500,김승주
2019-02-16 19:32,상품R,1800,김서준
2019-01-20 8:56,상품E,,김윤찬
2019-06-24 14:03,상품S,1900,김승환
2019-04-06 17:45,상품Q,1700,김민기
2019-01-02 18:24,상품X,2400,김연호
2019-06-25 3:12,상품B,200,김규민
2019-07-23 6:44,상품Q,1700,김하준
2019-02-26 8:29,상품N,1400,김하율
2019-02-17 20:25,상품A,100,김경민
2019-05-09 16:20,상품K,1100,김태인
2019-05-04 22:23,상품 T,2000,김민찬
2019-05-23 0:43,상품S,1900,김우영
2019-04-09 20:11,상품L,1200,김예준
2019-03-12 23:21,상품S,1900,김주영
2019-05-30 21:17,상품P,1600,김정후
2019-02-15 2:15,상품j,1000,김도하
2019-03-05 11:59,상품Y,2500,김우빈
2019-04-14 7:14,상품D,400,김은성
2019-03-23 7:25,상품C,300,김가온
2019-03-31 12:47,상품d,400,김지민
2019-05-28 2:01,상품D,400,김이안
2019-01-09 14:00,상품L,1200,김은호
2019-06-29 2:03,상품B,200,김승재
2019-04-02 23:57,상품G,700,김재우
2019-01-30 14:19,상품V,2200,김성우
2019-07-16 9:34,상품J,,김예성
2019-04-08 23:11,상품L,,김윤서
2019-07-25 14:32,상품S,1900,김재현
2019-01-13 17:19,상품R,,정준기
2019-04-02 6:23,상품R,1800,김성우
2019-03-27 0:54,상품M,,김민재
2019-03-25 21:42,상품A,100,김주한
2019-03-27 17:10,상품A,100,김준희
2019-07-12 15:32,상품B,200,김주안
2019-03-14 16:40,상품U,2100,김선우
2019-06-25 7:31,상품i,900,김유진
2019-03-28 5:23,상품K,1100,김주원
2019-02-06 14:09,상품H,800,김강현
2019-01-08 10:22,상품 I,900,김대현
2019-04-24 2:57,상품T,2000,김찬우
2019-07-27 4:09,상품W,2300,정준기
2019-07-25 6:30,상품 E,500,김민우
2019-07-14 20:50,상품Y,2500,김상현
2019-03-31 9:37,상품K,1100,김승우
2019-07-02 4:52,상품K,,김도율
2019-02-24 19:18,상품A,100,김은우
2019-03-24 10:01,상품F,,김준혁
2019-04-30 3:42,상품J,1000,김시훈
2019-02-23 10:58,상품O,1500,김지운
2019-06-07 15:09,상품X,,김가온
2019-04-28 5:37,상품C,,김규현
2019-04-01 14:32,상품V,2200,김태인
2019-02-14 14:34,상품P,1600,김시훈
2019-04-26 23:50,상품M,1300,김민기
2019-04-13 6:35,상품X,2400,김동현
2019-05-25 3:00,상품H,800,김지환
2019-02-20 5:22,상품Y,,김은혁
2019-03-03 6:40,상품F,,김찬우
2019-02-12 3:50,상품X,2400,김승우
2019-05-27 23:26,상품D,400,김주안
2019-05-03 12:30,상품N,1400,김은성
2019-02-08 10:03,상품Y,,김우주
2019-02-10 0:28,상품A,100,김하랑
2019-06-09 23:59,상품K,,김규민
2019-04-07 2:15,상품M,1300,김민찬
2019-02-13 23:16,상품C,300,김준석
2019-06-13 16:03,상품A,100,김건희
2019-01-22 0:13,상품D,400,김정원
2019-05-27 19:04,상품O,1500,김수민
2019-03-17 9:43,상품J,1000,김지환
2019-03-13 3:51,상품R,1800,김현승
2019-05-10 7:27,상품I,900,김정원
2019-05-19 20:22,상 품 a,100,김시훈
2019-07-26 15:18,상품M,1300,김준우
2019-03-11 2:08,상품J,1000,김원준
2019-03-22 15:01,상품S,1900,김동건
2019-06-08 16:08,상품Q,1700,김현민
2019-05-06 22:28,상품K,1100,김하진
2019-02-20 13:45,상품N,1400,김재우
2019-03-16 1:46,상품H,800,김은우
2019-02-09 23:01,상품P,1600,김은혁
2019-05-30 15:21,상품T,2000,김재호
2019-01-30 14:45,상품Q,1700,김승유
2019-01-13 17:44,상품C,300,김은호
2019-03-14 10:26,상품V,2200,김승빈
2019-05-04 14:44,상품A,100,김준후
2019-02-11 21:22,상품N,1400,김재영
2019-06-02 23:23,상품X,2400,김선우
2019-04-01 15:48,상품R,1800,김동욱
2019-06-21 18:55,상품N,1400,김정현
2019-06-22 9:14,상품I,900,김도원
2019-04-17 21:19,상품F,600,김라온
2019-02-15 14:31,상품U,2100,김준성
2019-06-17 1:34,상품G,,김시환
2019-04-26 15:35,상품C,300,김태영
2019-07-17 5:37,상품G,700,김수혁
2019-01-15 11:33,상품N,1400,김건희
2019-06-16 2:53,상품T,2000,김준혁
2019-05-07 15:25,상품M,1300,김지안
2019-02-13 3:46,상품R,1800,김현석
2019-02-25 10:52,상품 o,1500,김승환
2019-02-27 18:54,상품D,400,김윤서
2019-03-31 2:36,상품C,,김민기
2019-01-26 6:49,상품E,500,김은찬
2019-05-16 15:58,상품c,300,김민찬
2019-02-16 6:37,상품P,1600,김준영
2019-06-26 1:54,상품J,1000,김은호
2019-04-05 8:26,상품C,300,김유빈
2019-02-13 9:00,상품H,800,김현석
2019-05-12 18:44,상품W,2300,김현성
2019-06-20 3:00,상품X,,김민석
2019-05-01 21:24,상품B,200,김서율
2019-05-03 0:13,상품M,,김서준
2019-03-21 11:54,상품X,2400,김서율
2019-07-06 13:50,상품P,1600,김시온
2019-03-01 9:57,상품Q,1700,김영준
2019-07-28 11:36,상품V,2200,김주원
2019-06-06 21:19,상품E,500,김성민
2019-04-01 3:46,상품N,1400,김승후
2019-04-12 12:01,상품S,1900,정우석
2019-01-04 21:26,상품I,900,김민석
2019-05-31 11:44,상품P,1600,김하랑
2019-02-08 0:32,상품C,300,김민우
2019-04-20 6:38,상품W,2300,김태민
2019-07-23 18:13,상품F,600,김준성
2019-06-27 7:05,상품W,2300,김하람
2019-05-25 19:25,상품Q,1700,김민찬
2019-04-20 5:17,상품E,500,김태훈
2019-02-03 21:05,상품R,1800,김지환
2019-04-24 3:18,상품G,700,김원준
2019-03-26 20:44,상품G,700,김현서
2019-07-30 16:35,상품X,2400,김승민
2019-01-12 15:01,상품Q,1700,김현성
2019-07-10 12:18,상품H,800,김연호
2019-04-11 13:51,상품V,,김지용
2019-03-15 6:06,상품B,200,김서윤
2019-02-27 20:47,상품I,900,김재윤
2019-03-28 8:28,상품Y,2500,김준형
2019-02-17 3:05,상품D,400,김연준
2019-05-31 2:27,상품U,2100,김현진
2019-03-05 8:01,상품P,1600,김서윤
2019-01-01 7:57,상품K,1100,김태우
2019-01-18 8:19,상품O,1500,김준후
2019-05-20 12:36,상품N,1400,김태영
2019-02-18 6:33,상품Q,,김민준
2019-05-31 9:44,상품F,600,김승원
2019-02-16 10:05,상품Q,1700,김라온
2019-04-16 7:49,상품U,,김지원
2019-07-30 18:02,상품C,300,김성우
2019-04-23 20:39,상품J,1000,김호준
2019-02-15 17:40,상품L,1200,김우영
2019-05-01 5:48,상품I,900,김은호
2019-05-19 14:45,상품W,2300,김재현
2019-03-01 19:20,상품L,,김민서
2019-03-26 5:32,상품P,1600,김하랑
2019-06-18 10:32,상품V,,김규민
2019-03-31 6:47,상품 v,,김주원
2019-01-27 17:30,상품M,1300,김상현
2019-07-12 3:00,상품I,900,김진우
2019-06-20 12:57,상품A,100,김지후
2019-04-13 8:35,상품G,700,김현석
2019-07-16 22:02,상품D,400,김찬우
2019-03-12 8:23,상품M,1300,김재호
2019-03-21 23:33,상품M,1300,김윤찬
2019-06-27 9:10,상품U,,김준영
2019-07-05 13:25,상품I,900,김성훈
2019-03-14 6:19,상품P,1600,김대현
2019-02-14 6:34,상품M,1300,김하진
2019-01-06 2:09,상품D,400,김은혁
2019-04-09 10:45,상품W,2300,김규현
2019-01-17 17:46,상품D,400,김지민
2019-06-14 6:40,상품U,2100,김태민
2019-07-09 15:27,상품B,200,김성민
2019-01-22 9:41,상품R,1800,김민혁
2019-06-02 7:52,상품C,300,김시호
2019-01-23 12:40,상품D,400,김은호
2019-04-20 1:25,상품R,1800,김재민
2019-07-02 4:44,상품P,1600,김승재
2019-07-31 16:26,상품G,700,김민호
2019-04-11 22:41,상품W,2300,김지환
2019-03-28 16:06,상품Q,1700,김재민
2019-07-28 19:37,상품N,1400,김가온
2019-02-25 14:19,상품W,2300,김주영
2019-05-25 6:12,상품R,1800,김재현
2019-02-17 1:46,상품B,200,김지완
2019-02-10 5:30,상품N,1400,김서준
2019-01-28 19:28,상품D,400,김태영
2019-07-27 6:05,상품A,100,김재호
2019-04-05 21:45,상품e,500,김민재
2019-04-15 1:49,상품G,700,김현성
2019-06-20 23:25,상품H,800,김동욱
2019-07-12 17:50,상품O,1500,김승윤
2019-06-03 22:20,상품H,800,김도율
2019-02-16 17:11,상품Q,1700,김동우
2019-06-17 8:02,상품X,2400,김승유
2019-05-20 12:02,상품T,2000,김동하
2019-07-29 23:14,상품J,1000,김태현
2019-01-25 9:18,상품T,2000,김성우
2019-05-25 2:11,상품G,700,김재현
2019-04-25 23:24,상품Q,1700,김승현
2019-04-29 21:09,상품Q,1700,김승호
2019-05-13 9:23,상품R,1800,김동하
2019-01-29 13:58,상품Y,2500,김하진
2019-03-02 1:53,상품L,1200,김동현
2019-01-26 21:18,상품F,600,김시율
2019-06-09 11:38,상품D,,정도형
2019-07-31 16:58,상품Y,,김범준
2019-02-11 23:44,상품U,,김민혁
2019-01-09 4:10,상품K,,김서후
2019-06-21 2:03,상품M,1300,김윤호
2019-05-28 19:17,상품O,1500,김규민
2019-03-02 13:45,상품V,,김재준
2019-04-06 10:50,상품E,500,김성현
2019-06-10 17:00,상품K,1100,김준후
2019-04-27 18:18,상품C,,김주호
2019-04-18 5:52,상품N,1400,김민규
2019-07-31 1:32,상품A,,김윤찬
2019-03-17 23:42,상품K,,김지호
2019-02-11 2:25,상품F,600,김재원
2019-02-16 21:00,상품T,2000,김예성
2019-05-02 4:47,상품H,800,김하민
2019-02-16 8:41,상품I,900,김강현
2019-01-27 14:39,상품X,2400,김도훈
2019-07-05 17:43,상품J,1000,김원준
2019-07-16 8:08,상품T,2000,김도율
2019-06-19 8:33,상품E,500,김태민
2019-06-30 21:10,상품A,100,김태준
2019-01-26 17:34,상품Q,1700,김지성
2019-04-15 11:14,상품O,,김태민
2019-02-15 12:25,상품H,800,김재현
2019-05-19 7:30,상품L,1200,김재원
2019-04-08 8:09,상품Y,2500,김우찬
2019-03-17 17:05,상품F,600,김동욱
2019-06-18 21:06,상품M,1300,김태경
2019-06-07 9:19,상품Q,1700,김승찬
2019-02-08 18:48,상품F,,김시우
2019-03-20 3:49,상품D,400,김시환
2019-04-13 19:23,상품U,2100,김재우
2019-02-11 15:23,상품E,,김현수
2019-05-20 19:05,상품K,1100,김지환
2019-02-16 3:25,상품Q,,김민준
2019-06-30 16:57,상품P,1600,김한결
2019-05-01 16:16,상품F,600,김윤찬
2019-02-04 6:10,상품I,900,김하람
2019-07-04 6:42,상품O,1500,김현성
2019-06-07 18:30,상품N,,김경민
2019-01-12 12:46,상품K,1100,김하랑
2019-07-21 10:51,상품T,2000,김태경
2019-05-11 7:17,상품Q,,김성훈
2019-07-13 2:24,상품L,1200,김태영
2019-01-19 11:16,상품M,,김성윤
2019-04-21 1:07,상품X,2400,김동건
2019-01-09 23:02,상품J,1000,김서후
2019-06-05 17:06,상품W,,김태현
2019-02-18 5:51,상품H,800,김수민
2019-06-25 13:59,상품K,1100,김현성
2019-06-21 10:42,상품J,1000,김도원
2019-06-07 22:56,상품F,600,김민재
2019-04-08 16:40,상품N,1400,김이안
2019-01-12 16:19,상품M,,김동욱
2019-07-01 13:28,상품D,400,김정원
2019-02-13 7:28,상품A,,김시환
2019-02-10 13:29,상품E,,김민준
2019-07-23 15:08,상품R,1800,김태우
2019-05-05 19:21,상품K,1100,김태양
2019-06-02 7:17,상품Q,1700,김태훈
2019-03-06 10:38,상품M,1300,김재혁
2019-05-30 4:21,상품U,2100,김도원
2019-05-03 23:51,상품S,1900,김라온
2019-02-26 20:45,상품X,2400,김민호
2019-01-29 0:54,상품c,300,김지안
2019-03-10 15:49,상품C,300,김우진
2019-03-22 19:08,상품V,2200,김유준
2019-02-18 3:04,상품s,1900,김윤찬
2019-06-18 21:42,상품U,2100,김연호
2019-04-13 19:11,상품V,,김은혁
2019-01-23 7:52,상품H,800,김민준
2019-05-31 17:32,상품L,1200,김찬우
2019-01-19 3:37,상품A,100,김도훈
2019-04-11 11:51,상품K,1100,김지민
2019-04-12 8:46,상품C,300,김이준
2019-02-04 9:33,상품Q,1700,김현수
2019-06-28 21:52,상품R,1800,김준서
2019-05-26 22:51,상품J,1000,김재훈
2019-03-20 13:39,상품Q,,김은호
2019-04-26 22:09,상품S,1900,김준수
2019-07-29 3:08,상품U,2100,김현성
2019-01-25 6:56,상품H,800,김준성
2019-04-05 21:10,상품L,1200,김규민
2019-03-29 5:27,상품I,900,김유찬
2019-03-05 20:39,상품R,1800,김한결
2019-04-29 8:37,상품X,2400,김민혁
2019-04-10 15:40,상품R,1800,김동욱
2019-04-06 18:09,상품J,1000,김주혁
2019-07-23 11:00,상품K,1100,김유준
2019-06-16 0:08,상품P,,김주호
2019-05-29 23:25,상품O,1500,김지호
2019-05-20 18:38,상품W,2300,김시율
2019-06-28 15:15,상품L,,김성빈
2019-07-10 9:51,상품B,200,김우현
2019-05-28 0:06,상품R,1800,김은우
2019-02-28 4:11,상품A,,김서준
2019-06-25 20:41,상품O,1500,김은호
2019-02-19 16:07,상품J,,김시율
2019-04-05 11:23,상품B,200,김하준
2019-03-07 0:05,상품P,1600,김민기
2019-04-09 1:30,상품H,800,김지오
2019-05-04 3:50,상품H,800,김주영
2019-01-03 20:20,상품V,2200,김우현
2019-03-05 2:43,상품O,1500,김지원
2019-05-08 23:03,상품G,700,김서윤
2019-04-08 17:38,상품I,900,김하랑
2019-05-21 11:17,상품B,,김태우
2019-03-20 21:37,상품F,600,김성윤
2019-01-19 4:47,상품H,,김승원
2019-05-22 5:03,상품G,700,김하준
2019-03-23 19:05,상품M,1300,김우준
2019-01-22 9:45,상품P,1600,김승유
2019-05-26 16:20,상품T,2000,김현수
2019-02-25 0:49,상품O,1500,김시우
2019-06-09 5:56,상품C,300,김준호
2019-01-21 22:18,상품H,800,김현수
2019-02-12 7:22,상품U,2100,김현서
2019-02-17 22:28,상품B,200,김라온
2019-03-08 14:43,상품S,,김현성
2019-07-29 5:01,상품W,2300,김호준
2019-05-07 14:29,상품A,100,김수호
2019-02-25 14:57,상품W,,정준기
2019-05-13 17:35,상품L,1200,김승윤
2019-02-17 12:35,상품M,,김유준
2019-03-05 21:18,상품W,2300,김승현
2019-01-02 9:57,상품I,900,김지호
2019-01-27 4:05,상품I,900,김태우
2019-03-18 2:24,상품Y,2500,김시온
2019-05-12 6:20,상품L,1200,김승빈
2019-03-28 6:22,상품W,2300,김연준
2019-04-15 8:24,상품E,500,김도하
2019-04-06 21:35,상품T,2000,김태훈
2019-05-27 5:42,상품P,1600,김연호
2019-03-13 21:36,상품A,100,정도형
2019-01-27 22:04,상품H,800,김지용
2019-04-24 18:49,상품I,900,김도영
2019-01-11 19:25,상품W,2300,김지혁
2019-03-13 1:05,상품N,1400,김은호
2019-01-09 15:58,상품T,2000,김은우
2019-06-20 17:29,상품G,700,김동건
2019-04-18 8:56,상품R,1800,김현우
2019-03-05 8:16,상품M,1300,김지완
2019-02-27 21:27,상품C,300,김지원
2019-03-16 20:22,상품W,2300,김재민
2019-05-28 10:09,상품R,,김규현
2019-03-23 23:11,상품L,1200,김주호
2019-01-08 17:09,상품O,1500,김하랑
2019-07-23 4:13,상품M,1300,김승원
2019-05-09 15:45,상품F,600,김지환
2019-06-05 13:37,상품x,2400,김수민
2019-06-21 21:38,상품L,1200,김준수
2019-07-20 14:06,상품G,700,김하랑
2019-04-03 10:25,상품E,500,김은호
2019-02-17 1:29,상품U,2100,김준형
2019-05-16 11:57,상품R,1800,김재호
2019-07-05 22:16,상품B,200,김영준
2019-01-05 17:35,상품C,300,김수현
2019-06-23 3:35,상품A,100,김도윤
2019-06-29 16:41,상품U,2100,김지용
2019-06-27 11:28,상품U,2100,김유빈
2019-06-08 7:07,상품J,1000,김진우
2019-04-10 3:13,상품K,1100,김대현
2019-05-18 2:36,상품P,1600,김이준
2019-05-23 16:54,상품Q,1700,김현준
2019-06-01 17:16,상품K,1100,김도원
2019-05-21 15:52,상품M,1300,김은찬
2019-03-02 0:44,상품J,1000,김준서
2019-03-06 10:56,상품U,2100,김승윤
2019-04-17 16:16,상품S,1900,김도영
2019-02-03 22:34,상품X,2400,김시윤
2019-01-06 21:20,상품V,2200,김경민
2019-05-08 2:35,상품F,600,김성현
2019-01-06 10:57,상품E,500,김정민
2019-02-24 23:40,상품P,1600,김윤성
2019-02-01 7:43,상품T,2000,김동현
2019-04-11 19:09,상품X,2400,김동우
2019-01-30 6:07,상품L,1200,김지완
2019-04-28 6:16,상품A,100,김현준
2019-01-09 15:24,상품L,1200,김서후
2019-05-10 18:25,상품Y,2500,김승준
2019-01-25 4:22,상품M,1300,김지환
2019-05-25 12:51,상품A,,김재민
2019-06-23 20:45,상품X,2400,김준희
2019-03-06 13:13,상품S,1900,김재영
2019-02-20 23:03,상품K,,김준형
2019-03-11 16:01,상품G,,김재윤
2019-04-17 20:40,상품D,400,김재민
2019-04-15 12:35,상품E,500,김도율
2019-04-16 17:16,상품B,,김선우
2019-06-19 3:46,상품R,1800,김승유
2019-04-04 23:08,상품T,2000,김도현
2019-01-13 7:54,상품D,400,김우현
2019-01-28 18:41,상품R,1800,정도형
2019-06-18 13:01,상품O,,김강현
2019-05-29 18:22,상품R,1800,김시온
2019-02-11 13:41,상품G,,김지율
2019-03-23 15:22,상품F,,김윤우
2019-05-10 20:49,상품I,900,김도율
2019-06-26 14:56,상품R,1800,김시호
2019-07-23 10:42,상품U,2100,김지훈
2019-07-15 11:36,상품L,1200,김정현
2019-04-02 8:23,상품G,700,김도영
2019-02-06 1:46,상품R,,김시호
2019-01-19 16:56,상품J,,김성민
2019-05-14 0:41,상품B,200,김유준
2019-05-13 15:00,상품Q,1700,김수현
2019-02-02 22:19,상품V,2200,김은성
2019-01-18 20:41,상품Y,,김태민
2019-06-13 7:18,상품Y,2500,김민규
2019-02-17 0:41,상품D,400,김지안
2019-01-01 15:47,상품J,1000,김동욱
2019-05-08 12:46,상품H,800,김시온
2019-02-06 0:38,상품K,,김성빈
2019-02-24 22:04,상품H,800,김유빈
2019-05-15 0:41,상품G,,김규민
2019-07-29 14:48,상품G,700,김주현
2019-01-06 23:52,상품O,1500,김재희
2019-07-17 23:00,상품K,1100,김시현
2019-02-27 1:24,상품Y,2500,김준성
2019-02-26 11:58,상품U,2100,김윤서
2019-01-21 17:56,상품G,700,김하민
2019-05-12 21:12,상품G,700,김지한
2019-02-24 4:43,상품K,1100,김하윤
2019-06-29 23:58,상품R,1800,김현성
2019-06-20 17:47,상품J,1000,김태영
2019-05-10 14:16,상품S,1900,김승재
2019-03-04 12:16,상품R,1800,김지호
2019-04-26 11:46,상품V,2200,김지오
2019-05-30 19:52,상품S,1900,김시완
2019-02-14 7:26,상품W,2300,김윤서
2019-06-02 2:06,상품F,600,김지용
2019-07-24 0:16,상품S,1900,김수호
2019-01-14 3:45,상품G,700,김준서
2019-05-17 9:48,상품O,,김하람
2019-07-12 11:54,상품O,1500,김은율
2019-02-18 16:24,상품G,700,김준석
2019-07-03 12:08,상품U,2100,김준수
2019-06-04 7:08,상품D,400,김도영
2019-01-06 3:45,상품H,800,김우영
2019-02-19 20:41,상품T,2000,김규민
2019-02-22 7:22,상품U,2100,김준우
2019-06-19 14:40,상품Y,,김현진
2019-04-12 3:48,상품C,300,김태민
2019-07-06 3:10,상품o,1500,김주한
2019-01-22 17:19,상품A,100,김민재
2019-04-01 4:22,상품F,,김현석
2019-04-27 19:53,상품U,2100,김재민
2019-01-12 16:49,상품J,1000,김현석
2019-02-16 22:24,상품D,400,김수민
2019-03-01 19:49,상품W,2300,김주원
2019-05-10 21:37,상품U,2100,김지완
2019-02-09 4:04,상품M,1300,김이준
2019-05-31 14:52,상품T,2000,김윤서
2019-01-18 23:59,상품M,1300,김정후
2019-01-19 5:04,상품U,2100,김대현
2019-03-16 4:47,상품I,900,김준호
2019-05-06 12:04,상품E,500,김시완
2019-01-30 7:44,상품Y,2500,김지운
2019-04-04 10:04,상품W,2300,김민혁
2019-07-10 3:02,상품U,2100,김하윤
2019-07-02 12:29,상품J,,김도율
2019-03-24 9:59,상품R,1800,김주한
2019-04-30 8:39,상품D,400,김주한
2019-05-21 7:39,상품F,,김우영
2019-03-22 13:03,상품G,700,김지혁
2019-06-08 14:08,상품K,1100,김승준
2019-05-25 1:18,상품G,700,김성현
2019-06-27 14:39,상품G,700,김승호
2019-07-01 2:53,상품J,,김대현
2019-04-18 7:07,상품N,1400,김재원
2019-07-05 3:35,상품W,2300,김주환
2019-06-18 17:00,상품G,700,김재영
2019-02-23 14:15,상품J,1000,김승유
2019-04-12 18:34,상품T,2000,김지원
2019-04-29 5:35,상품L,1200,김지한
2019-05-27 11:57,상품E,500,김수현
2019-07-23 6:28,상품G,700,김은성
2019-03-15 6:22,상품Y,2500,김태양
2019-01-12 7:59,상품I,,김수호
2019-02-26 10:10,상품N,1400,김우빈
2019-01-17 12:44,상품M,1300,김우찬
2019-05-02 4:38,상품A,100,김한결
2019-06-05 21:02,상품W,2300,김유준
2019-07-28 22:51,상품Q,,김승환
2019-05-07 14:04,상품U,2100,김재윤
2019-01-14 7:57,상품P,1600,김현준
2019-04-01 8:00,상품X,2400,김시환
2019-01-11 0:07,상품E,500,김찬영
2019-03-23 15:09,상품F,600,김도윤
2019-04-28 17:39,상품A,100,김연호
2019-07-27 12:07,상품F,600,김수호
2019-01-04 19:30,상품N,1400,김지호
2019-07-07 19:00,상품P,1600,김재희
2019-07-12 16:53,상품P,1600,김지한
2019-02-08 11:14,상품J,1000,김수현
2019-05-28 3:38,상품V,,김윤서
2019-04-01 17:34,상품F,,김범준
2019-03-20 17:04,상품T,2000,김주원
2019-01-16 0:35,상품C,300,김동현
2019-05-22 23:12,상품E,500,김시율
2019-07-31 22:11,상품r,,김민혁
2019-06-15 13:02,상품J,1000,김재현
2019-07-27 7:36,상품K,,김현민
2019-06-27 10:10,상품P,1600,김시율
2019-03-12 16:55,상품V,2200,김재훈
2019-01-23 2:14,상품H,800,김승훈
2019-06-21 7:41,상품G,700,김준호
2019-06-13 5:32,상품P,1600,김민건
2019-02-05 17:26,상품J,1000,김찬영
2019-02-03 6:17,상품L,1200,김범준
2019-04-22 11:36,상품C,300,김도윤
2019-01-01 18:11,상품D,400,김하윤
2019-02-10 22:15,상품H,,김주안
2019-01-20 5:58,상품B,,김성현
2019-06-17 2:37,상품M,1300,김지안
2019-01-01 12:28,상품S,1900,김현준
2019-05-16 18:31,상품J,1000,김준후
2019-02-02 10:55,상품U,2100,김은혁
2019-02-08 11:02,상품H,800,김연준
2019-02-06 18:31,상품Q,1700,정우석
2019-02-14 9:02,상품W,2300,김예성
2019-04-24 14:29,상품B,200,김주원
2019-03-01 3:16,상품U,2100,김원준
2019-04-25 23:46,상품W,,김수호
2019-05-07 6:30,상품U,2100,김민석
2019-04-02 4:09,상품T,2000,김승호
2019-07-22 16:22,상품I,,김시윤
2019-07-07 4:20,상품Q,1700,김지성
2019-01-22 0:58,상품D,400,김동건
2019-07-13 17:23,상품J,1000,김재희
2019-06-19 20:07,상품J,,김현승
2019-05-25 0:54,상품E,500,김강현
2019-05-18 6:02,상품Y,2500,김윤찬
2019-05-22 19:45,상품Q,1700,김현진
2019-07-25 20:05,상품P,1600,김우준
2019-04-13 21:57,상품Q,1700,김준영
2019-07-24 11:28,상품R,1800,김선우
2019-02-23 7:41,상품U,2100,김승원
2019-07-07 18:07,상품V,2200,김성우
2019-05-09 2:52,상품W,,김준영
2019-07-06 17:35,상품I,900,김준성
2019-07-30 23:38,상품H,800,김지용
2019-01-05 7:30,상품K,1100,김하율
2019-02-20 11:48,상품R,1800,김승원
2019-05-24 11:11,상품X,2400,김도훈
2019-07-27 0:13,상품S,1900,김유준
2019-04-11 18:06,상품X,2400,김재호
2019-07-09 23:55,상품J,,김시온
2019-05-31 1:03,상품T,,김지안
2019-01-02 14:52,상품S,1900,김도윤
2019-03-09 15:19,상품Y,2500,김시우
2019-05-25 6:29,상품T,2000,김재현
2019-07-22 21:29,상품R,,정도형
2019-02-15 12:27,상품C,300,김현석
2019-05-29 14:18,상품H,800,김범준
2019-07-31 16:56,상품V,2200,김태경
2019-06-01 11:26,상품R,1800,김승빈
2019-03-20 6:39,상품V,2200,김진우
2019-06-13 5:05,상품H,800,김우찬
2019-04-02 13:51,상품J,1000,김지원
2019-07-02 21:38,상품H,800,김윤호
2019-07-02 6:05,상품L,1200,김민우
2019-01-04 1:48,상품D,400,김하진
2019-03-01 23:37,상품Q,1700,김수호
2019-07-24 19:56,상품R,1800,김재호
2019-07-13 0:03,상품R,1800,김태민
2019-03-27 7:09,상품N,1400,김영준
2019-06-12 8:17,상품F,600,김찬영
2019-01-27 0:16,상품W,2300,김민재
2019-05-29 12:43,상품H,800,김하랑
2019-02-06 2:00,상품M,1300,김찬우
2019-04-29 18:17,상품U,2100,김태양
2019-05-14 21:09,상품A,100,김서후
2019-06-17 14:38,상품R,1800,김태경
2019-07-29 8:59,상품G,,김예성
2019-07-14 17:21,상품F,600,김찬우
2019-02-04 9:04,상품T,2000,김시온
2019-02-19 19:42,상품K,1100,김우주
2019-02-16 7:17,상품X,2400,김시환
2019-02-20 9:27,상품S,1900,김현석
2019-05-22 17:28,상품F,600,김주영
2019-01-03 5:14,상품D,,김정현
2019-03-30 5:49,상품D,400,김은혁
2019-05-23 3:08,상품A,100,김우진
2019-02-25 7:58,상품B,200,김도윤
2019-02-25 10:35,상품B,200,김도훈
2019-02-25 6:36,상품O,1500,김윤서
2019-02-21 15:24,상품W,2300,김강현
2019-05-24 6:45,상품l,1200,김지오
2019-06-13 23:31,상품E,500,김영준
2019-05-18 14:28,상품P,1600,김유빈
2019-06-27 0:16,상품E,500,김은찬
2019-07-05 19:11,상품X,2400,김승찬
2019-07-27 9:17,상품T,2000,김민준
2019-03-14 11:03,상품K,1100,김지용
2019-03-06 17:20,상품X,2400,김시훈
2019-07-14 3:39,상품A,,김시우
2019-02-28 7:57,상품Y,2500,김경민
2019-05-29 15:51,상품C,300,김서윤
2019-05-22 19:48,상품X,2400,김우준
2019-02-02 1:34,상품I,900,김가온
2019-07-17 7:33,상품S,,정도형
2019-06-02 22:36,상품S,1900,김시온
2019-05-07 21:19,상품D,,김승윤
2019-01-30 0:55,상품Q,1700,김지호
2019-06-26 19:06,상품Q,1700,김승현
2019-01-06 16:34,상품K,1100,정도형
2019-03-09 2:50,상품M,1300,김민규
2019-03-29 10:44,상품T,2000,김태인
2019-04-18 15:53,상품C,300,김우현
2019-03-23 0:41,상품C,300,김서율
2019-06-12 4:51,상품C,,김윤재
2019-02-05 17:21,상품W,2300,김시호
2019-01-29 21:06,상품L,,김승민
2019-07-11 6:43,상품I,900,김하율
2019-07-06 16:00,상품A,100,김태우
2019-07-13 19:05,상품T,2000,김정후
2019-01-12 15:57,상품C,300,김도경
2019-01-29 12:58,상품W,2300,김예준
2019-05-07 15:07,상품C,,김지원
2019-05-26 8:01,상품J,1000,김도윤
2019-03-17 23:56,상품U,2100,김성훈
2019-05-15 0:35,상품P,1600,김주환
2019-06-07 13:19,상품X,2400,김승우
2019-07-10 22:21,상품R,1800,김승훈
2019-02-07 4:10,상품F,600,김재희
2019-04-17 18:43,상품K,1100,김서윤
2019-01-18 14:16,상품O,1500,김연호
2019-01-11 8:20,상품M,1300,김승훈
2019-07-22 8:49,상품J,,김준우
2019-04-22 22:41,상품T,2000,김주혁
2019-02-13 4:32,상 품I,900,김태인
2019-06-12 0:42, 상품 W,2300,김지오
2019-03-02 17:31,상품W,2300,김세현
2019-05-14 18:09,상품B,200,김지민
2019-03-15 1:09,상품U,2100,김윤우
2019-01-28 11:42,상품W,2300,김도율
2019-07-13 23:10,상품N,1400,김준수
2019-03-19 21:24,상품G,700,김윤서
2019-04-03 2:29,상품C,300,김승우
2019-02-20 11:21,상품E,,김건우
2019-03-25 20:28,상품G,700,김정훈
2019-05-17 0:44,상품B,200,김주환
2019-01-19 19:19,상품I,900,김준후
2019-07-16 19:31,상품P,1600,김지한
2019-06-17 5:36,상품O,1500,김승후
2019-03-28 20:27,상품M,1300,김영준
2019-06-30 18:41,상품C,300,김선우
2019-06-10 10:27,상품B,200,김상민
2019-04-03 14:22,상품O,1500,김재혁
2019-06-21 15:47,상품N,1400,김주안
2019-02-24 10:52,상품W,,김시호
2019-05-17 20:22,상품R,1800,김서준
2019-02-02 4:16,상품H,800,김서진
2019-01-13 17:37,상품W,2300,김하람
2019-05-17 6:37,상품C,300,김승환
2019-05-22 23:30,상품E,500,김태민
2019-03-15 15:13,상품X,,김정원
2019-05-28 0:52,상품B,200,김현준
2019-06-13 8:41,상품U,,김수민
2019-05-25 11:11,상품F,600,김도현
2019-07-24 20:52,상품V,2200,김동우
2019-03-05 21:03,상품S,1900,김대현
2019-04-07 12:56,상품U,2100,김민우
2019-07-29 9:57,상품S,,김준수
2019-07-09 12:20,상품S,1900,김준우
2019-07-26 20:35,상품D,400,김시우
2019-02-11 3:37,상품T,2000,김도훈
2019-06-26 17:47,상품G,700,김준후
2019-04-27 19:09,상품Q,1700,김하민
2019-07-28 7:55,상품A,100,김승윤
2019-06-26 21:08,상품F,600,김서진
2019-06-01 21:13,상품L,1200,김정현
2019-01-16 3:37,상품S,1900,김예찬
2019-06-26 4:19,상품M,1300,김민호
2019-02-01 8:50, 상품 X,2400,김은찬
2019-01-03 8:14,상 품X,2400,김민건
2019-01-06 19:25,상품B,,김승원
2019-06-23 11:46,상품F,,김우주
2019-07-03 2:12,상품D,400,김민준
2019-01-09 13:57,상품E,500,김준우
2019-06-22 22:22,상품S,1900,김정후
2019-03-16 22:24,상품F,,김시완
2019-03-22 14:22,상품Y,2500,김민준
2019-01-20 18:13,상품V,2200,김준수
2019-02-05 19:26,상품U,2100,김현민
2019-04-16 4:29,상품W,,김민기
2019-03-19 16:33,상품J,1000,김지용
2019-02-15 14:20,상품J,1000,김성훈
2019-05-04 18:39,상품L,1200,김규민
2019-02-09 20:28,상품O,1500,김성민
2019-01-22 10:07,상품I,900,김승윤
2019-03-10 21:55,상품K,1100,김도훈
2019-05-28 4:03,상품E,500,김하윤
2019-04-20 6:26,상품J,1000,김준형
2019-01-16 16:51,상품Y,,김주영
2019-02-10 6:19,상품Q,1700,김민기
2019-05-17 1:05,상품M,1300,김서준
2019-07-14 16:47,상품N,1400,김범준
2019-02-25 3:45,상품C,,김유빈
2019-01-14 3:40,상품V,2200,김서율
2019-02-27 15:43,상품D,400,김지율
2019-04-27 2:50,상품A,100,김현서
2019-01-11 18:34,상품R,1800,김태윤
2019-02-19 4:38,상품N,1400,김건희
2019-03-09 22:29,상품A,100,김우진
2019-02-23 1:20,상품C,300,김가온
2019-01-15 17:29,상 품O,1500,김승환
2019-07-31 23:05,상품L,1200,김주혁
2019-01-26 20:41,상품 M,1300,김재우
2019-02-02 4:01,상품C,300,김성훈
2019-04-22 11:43,상품O,1500,김하윤
2019-02-21 4:36,상품S,1900,김승재
2019-06-21 0:01,상품A,100,김주호
2019-03-12 3:30,상품F,600,김윤재
2019-07-11 0:52,상품P,1600,김세현
2019-07-30 17:38,상품B,,김상민
2019-07-14 17:29,상품O,1500,김주원
2019-02-22 15:01,상품S,1900,김은호
2019-05-06 22:14,상품M,1300,김성준
2019-05-29 9:26,상품R,1800,김지율
2019-06-17 5:35,상품V,2200,김건희
2019-07-08 5:07,상품S,1900,김하람
2019-06-18 21:34,상품O,1500,김민기
2019-03-11 1:50,상품U,2100,김주현
2019-04-12 13:30,상품R,1800,김민수
2019-01-19 8:20,상품E,500,김도윤
2019-05-30 5:59,상품N,1400,김지원
2019-03-09 8:36,상품F,600,김성민
2019-05-02 3:54,상품L,1200,김지민
2019-04-02 13:46,상품P,1600,김태양
2019-01-11 21:07,상품S,1900,김준석
2019-03-07 0:47,상품D,400,김경민
2019-07-04 4:11,상품W,2300,김승민
2019-01-04 14:34,상품B,200,김민기
2019-05-25 5:46,상품F,600,김성현
2019-01-19 7:03,상품O,1500,김민기
2019-04-05 5:12,상품 F,600,김준석
2019-07-20 8:36,상품C,300,김현수
2019-06-12 0:55,상품P,1600,김서준
2019-04-13 19:40,상 품Y,2500,김수민
2019-05-14 17:14,상품I,,김승윤
2019-06-25 11:30,상품D,400,김찬영
2019-06-22 15:33,상품B,200,김우진
2019-05-31 12:21,상품T,2000,김시우
2019-06-22 4:59,상품D,400,김태윤
2019-01-13 19:34,상품H,800,김찬영
2019-05-06 5:26,상품S,,김승현
2019-05-23 14:17,상품G,700,김지완
2019-05-20 3:01,상품A,100,김우주
2019-03-14 22:28,상품V,2200,김하람
2019-06-12 1:12,상품E,500,김재원
2019-02-03 0:52,상품K,1100,김은우
2019-04-30 16:52,상품D,400,김동하
2019-01-20 18:49,상품L,1200,김우진
2019-04-29 17:05,상품K,1100,김성윤
2019-02-01 4:29,상품P,1600,김민혁
2019-02-13 6:08,상품V,2200,김성민
2019-03-14 10:12,상품R,1800,김승민
2019-01-19 5:22,상품Y,2500,정영훈
2019-01-06 16:19,상품J,1000,김유빈
2019-05-09 4:41,상품L,,김재우
2019-02-25 1:27,상품Y,2500,김도영
2019-04-09 11:33,상품I,900,김수호
2019-03-30 18:50,상품Y,,김하율
2019-02-13 10:11,상품T,2000,김민재
2019-04-26 22:51,상품T,2000,김정훈
2019-06-17 14:24,상품T,2000,김준석
2019-05-31 0:26,상품M,1300,김준석
2019-02-17 1:09,상품P,1600,김재혁
2019-05-01 17:42,상품Y,2500,김재훈
2019-07-10 15:01,상품J,1000,김태영
2019-07-16 20:10,상품P,1600,김현준
2019-01-20 11:07,상품R,1800,김재호
2019-03-18 21:10,상품G,700,김하윤
2019-01-14 4:37,상품F,600,김재준
2019-02-14 4:44,상품S,,김준영
2019-06-26 2:02,상품L,1200,김라온
2019-04-04 9:26,상품C,300,김경민
2019-02-13 0:26,상품C,300,김준형
2019-06-11 8:47,상품S,1900,김주환
2019-03-06 7:56,상품N,1400,김지원
2019-05-30 17:56,상품A,100,김준우
2019-03-31 11:12,상품R,1800,김도하
2019-01-16 20:21,상품M,,김태경
2019-07-30 21:14,상품V,2200,김민찬
2019-03-22 10:37,상품X,2400,정우석
2019-04-11 20:08,상품Y,2500,정영훈
2019-03-07 8:51,상품Q,1700,김승찬
2019-02-11 21:34,상품N,1400,김승민
2019-05-17 23:30,상품X,2400,김이안
2019-04-22 9:20,상품Y,2500,김민건
2019-03-19 20:34,상품E,500,김현준
2019-07-27 14:16,상품W,,김동우
2019-05-26 16:58,상품N,1400,김상현
2019-07-02 17:38,상품V,2200,김상현
2019-06-06 14:21,상품I,,김정후
2019-07-26 5:50,상품H,800,김승빈
2019-04-10 21:25,상품Y,,김예찬
2019-01-27 12:19,상품R,1800,김하민
2019-06-24 23:53,상품T,2000,김수호
2019-05-31 20:41,상품T,2000,김윤성
2019-02-02 1:56,상품P,1600,김우준
2019-04-02 22:33,상품R,1800,김상민
2019-05-22 17:55,상품Y,2500,김한결
2019-03-07 8:59,상품Y,2500,김재현
2019-06-19 11:36,상품S,1900,김서윤
2019-05-04 1:26,상품S,,김주환
2019-06-07 10:22,상품B,200,김정민
2019-05-08 10:38,상품V,2200,김정현
2019-01-18 23:46,상 품P,1600,김호준
2019-05-31 22:33,상품A,100,김민찬
2019-06-21 1:19,상품T,2000,김민찬
2019-07-22 23:10,상품W,2300,김준혁
2019-06-19 7:16,상품J,1000,김태우
2019-01-14 9:53,상품X,2400,김찬우
2019-04-02 5:14,상품P,1600,김지우
2019-06-11 4:51,상품I,900,김지완
2019-02-27 13:39,상품X,2400,김지용
2019-07-09 7:44,상품P,1600,김시호
2019-02-19 11:29,상품D,400,김민혁
2019-03-20 7:55,상품J,1000,김지용
2019-07-10 23:41,상품A,100,김현서
2019-06-07 9:14,상품S,1900,김동우
2019-02-28 9:58,상품Q,1700,김현우
2019-07-07 9:51,상품J,1000,김지오
2019-01-19 4:04,상품F,600,김은혁
2019-02-14 7:31,상품F,,김민준
2019-02-05 2:05,상품P,1600,김규현
2019-02-12 0:36,상품N,1400,김예준
2019-07-10 19:50,상품P,,김도원
2019-07-12 8:38,상품D,400,김다온
2019-02-05 9:36,상품R,1800,김찬우
2019-06-15 16:17,상품W,2300,김준혁
2019-06-08 4:35,상품I,900,김태윤
2019-02-23 14:38,상품I,900,김주호
2019-03-05 11:16,상품A,100,김규민
2019-03-25 9:47,상품M,1300,김은혁
2019-04-26 2:22,상품W,2300,김예찬
2019-07-12 12:39,상품U,,김재영
2019-04-28 18:27,상품T,2000,김재우
2019-07-02 1:00,상품A,100,김승환
2019-03-20 19:42,상품Q,1700,김승민
2019-01-04 21:47,상품S,1900,김민혁
2019-05-26 10:26,상품Y,2500,김재민
2019-05-17 18:15,상품Y,2500,김민기
2019-01-14 4:53,상품K,,김승주
2019-06-20 12:41,상품Q,1700,김지민
2019-06-13 20:42,상품R,1800,김지우
2019-06-17 10:26,상품J,1000,김승윤
2019-01-10 9:13,상품O,1500,김우진
2019-03-02 14:51,상품C,300,김지용
2019-03-11 3:37,상품P,1600,김동현
2019-04-20 5:06,상품D,400,김현우
2019-07-10 2:52,상품F,600,김주영
2019-03-28 16:43,상품U,2100,김가온
2019-07-04 17:34,상 품H,800,정준기
2019-05-19 6:05,상품W,,김민혁
2019-05-15 0:31,상품R,1800,김하율
2019-03-24 15:21,상품H,800,김승재
2019-06-02 19:00,상품J,1000,김지완
2019-07-04 10:38,상품H,800,김하윤
2019-03-26 3:57,상품R,1800,김건희
2019-05-10 6:23,상품N,1400,김준우
2019-07-31 4:22,상품F,600,김승재
2019-02-04 20:42,상품V,2200,김지용
2019-07-30 2:42,상품M,1300,김건우
2019-07-12 19:55,상품O,1500,김도하
2019-03-18 1:09,상품N,1400,김은혁
2019-03-20 12:24,상품T,2000,김우영
2019-06-07 17:41,상품S,1900,김지원
2019-02-14 10:26,상품N,1400,김서윤
2019-05-30 16:57,상품O,1500,김다온
2019-05-15 23:07,상품X,2400,김태영
2019-07-05 6:54,상품F,,김승원
2019-07-16 2:39,상품I,900,김시온
2019-01-03 9:51,상품R,1800,김우빈
2019-07-24 13:22,상품T,,김재준
2019-04-27 11:27,상품H,800,김태경
2019-01-25 4:12,상품D,400,김현우
2019-07-20 1:06,상품T,2000,김지오
2019-01-12 4:27,상품V,2200,김연준
2019-01-23 4:16,상품D,400,김준후
2019-07-02 7:39,상품B,200,김정민
2019-07-18 5:39,상품O,1500,김이준
2019-05-16 13:35,상품R,,김지안
2019-04-07 18:09,상품Q,1700,김하율
2019-05-23 16:40,상품J,,김지후
2019-02-15 11:00,상품U,2100,김원준
2019-05-11 21:09,상품G,700,김지오
2019-05-13 23:38,상품L,1200,김승후
2019-07-25 7:30,상품T,2000,김준영
2019-06-13 8:18,상품V,2200,김태영
2019-07-20 15:08,상품P,1600,김주환
2019-07-31 10:08,상품H,800,김승현
2019-06-09 19:22,상품E,500,김민석
2019-03-23 5:54,상품X,2400,김수민
2019-03-23 7:31,상품H,800,김상민
2019-05-04 11:51,상품D,400,김도원
2019-05-05 22:35,상품W,2300,김규현
2019-04-14 4:16,상품L,1200,김현진
2019-05-09 1:18,상품N,1400,김정훈
2019-02-09 4:54,상품P,1600,김민서
2019-02-06 15:18,상품S,1900,김주한
2019-03-27 18:39,상품S,1900,김태우
2019-05-07 10:39,상품C,300,김서진
2019-03-07 16:03,상품L,1200,김윤우
2019-01-28 14:03,상품E,500,김지우
2019-05-30 23:06,상품E,500,김주한
2019-07-24 21:04,상품I,900,김주현
2019-01-29 11:58,상품P,1600,김지운
2019-02-20 0:14,상품U,2100,김건희
2019-03-15 3:17,상품P,1600,김준석
2019-01-16 23:41,상품E,500,김이준
2019-03-09 7:11,상품T,2000,김세현
2019-03-05 7:18,상품L,1200,김은호
2019-01-11 11:34,상품A,100,김윤호
2019-07-02 19:52,상품W,2300,김우영
2019-02-03 11:58,상품R,1800,김민호
2019-05-14 3:13,상품K,1100,김수현
2019-04-12 23:52,상품P,1600,김우준
2019-06-10 12:37,상품O,1500,김하윤
2019-05-19 3:40,상품T,,김은율
2019-01-24 14:52,상품B,200,김현우
2019-03-21 21:24,상품X,2400,김승빈
2019-05-02 9:58,상품R,1800,김윤서
2019-02-11 7:39,상품M,1300,김시우
2019-01-13 11:50,상품A,100,김시율
2019-04-16 14:23,상품P,1600,김선우
2019-01-09 11:17,상품T,2000,김성현
2019-02-09 18:07,상품R,1800,김윤호
2019-07-18 5:34,상품D,400,김준석
2019-02-19 14:11,상품P,1600,김현성
2019-07-24 4:45,상품U,,김세현
2019-03-22 12:50,상품E,500,김태훈
2019-07-15 18:08,상품W,2300,김태인
2019-06-11 7:10,상품V,2200,김태영
2019-04-15 1:10,상품S,1900,김지한
2019-07-03 0:26,상품V,2200,김주안
2019-04-28 13:43,상품E,500,김은호
2019-01-07 16:25,상품L,1200,김민준
2019-05-20 20:14,상품C,300,김재민
2019-01-17 6:37,상품U,2100,김우진
2019-02-06 9:59,상품W,2300,김경민
2019-05-08 13:22,상품E,500,김도윤
2019-01-31 6:33,상품O,1500,김도하
2019-03-26 16:26,상품B,200,김승현
2019-06-22 8:42,상품I,900,김주호
2019-07-04 10:50,상품P,1600,김지후
2019-03-06 3:59,상품H,800,김도현
2019-01-09 5:59,상품B,200,김승현
2019-03-05 21:18,상품I,900,김주원
2019-02-27 4:59,상품S,1900,김현성
2019-07-21 11:20,상품Y,2500,김수현
2019-03-09 14:20,상품A,,김우찬
2019-07-11 20:25,상품J,1000,김우빈
2019-07-16 17:48,상품R,1800,김범준
2019-07-17 18:53,상품R,1800,김연호
2019-01-24 9:03,상품X,2400,김유진
2019-07-29 15:59,상품P,,김성준
2019-04-06 13:59,상품W,,김지율
2019-01-07 13:28,상품P,1600,김대현
2019-04-17 20:14,상품P,1600,김태훈
2019-07-09 4:01,상품G,700,김윤재
2019-07-07 17:21,상품T,2000,김연호
2019-03-01 21:42,상품G,,김수호
2019-05-31 9:06,상품X,,김정민
2019-05-16 18:49,상품N,1400,김연호
2019-03-30 1:20,상품S,1900,김주호
2019-07-12 4:58,상품B,200,김다온
2019-02-11 19:04,상품Y,2500,김민우
2019-03-28 10:55,상품J,,김민서
2019-07-23 9:06,상품V,2200,김주혁
2019-06-12 23:08,상품Q,1700,김민기
2019-05-08 15:55,상품E,500,김지혁
2019-03-21 14:29,상품O,1500,김현수
2019-06-27 13:43,상품J,1000,김재훈
2019-01-20 21:31,상품H,800,김재현
2019-05-30 12:28,상품T,2000,김승환
2019-01-29 12:21,상품I,900,김준영
2019-02-25 0:06,상품W,2300,김윤성
2019-06-15 11:35,상품D,400,김민수
2019-06-20 11:01,상품P,1600,김동하
2019-05-23 0:43,상품X,,김재혁
2019-07-28 7:19,상품K,1100,김태영
2019-02-18 12:19,상품K,1100,김유찬
2019-01-11 18:51,상품V,2200,김건우
2019-03-05 20:21,상품A,,김주혁
2019-05-02 11:07,상품W,2300,김태영
2019-06-27 8:53,상품K,1100,김하준
2019-07-01 5:43,상품O,1500,김범준
2019-04-01 2:12,상품F,600,김다온
2019-05-07 18:44,상품I,900,김하율
2019-01-11 21:25,상품L,1200,김주혁
2019-04-17 0:14,상품W,2300,김유찬
2019-01-28 19:26,상품R,1800,김민호
2019-03-08 3:25,상품E,500,김시호
2019-05-04 13:03,상품Y,2500,김승준
2019-04-30 21:08,상품I,900,김연준
2019-07-13 22:09,상품U,2100,김라온
2019-03-12 2:04,상품A,100,김서윤
2019-03-08 4:32,상품M,1300,김서준
2019-03-12 15:39,상품L,1200,김우진
2019-02-08 21:08,상품D,400,김유찬
2019-02-23 15:54,상품C,300,김현민
2019-04-02 18:07,상품L,1200,김건희
2019-03-30 1:31,상품D,400,김윤서
2019-05-06 20:33,상품N,1400,김민우
2019-04-24 12:55,상품G,700,김재희
2019-06-20 16:15,상품W,2300,김정현
2019-04-10 21:56,상품P,1600,김시환
2019-05-31 7:00,상품Q,1700,김은혁
2019-06-17 10:49,상품S,1900,김성현
2019-02-17 11:12,상품G,,김재영
2019-06-01 2:16,상품N,1400,김윤찬
2019-04-21 12:41,상품X,2400,김준형
2019-07-07 22:57,상품N,1400,김지후
2019-04-14 7:54,상품N,1400,김현승
2019-06-29 9:21,상품F,600,정준기
2019-04-18 0:28,상품L,1200,김민혁
2019-06-23 15:10,상품N,,김찬우
2019-02-15 1:45,상품G,700,김시환
2019-05-30 4:53,상품G,700,김준후
2019-04-17 11:14,상품E,500,김유찬
2019-07-29 12:11,상품P,1600,김수호
2019-02-09 18:56,상품O,1500,김범준
2019-05-03 3:16,상품T,2000,김서준
2019-05-25 1:28,상품K,1100,김서율
2019-01-10 15:12,상품P,1600,김다온
2019-06-09 4:56,상품C,300,김시호
2019-03-19 16:17,상품C,300,김지안
2019-03-03 19:56,상품V,2200,김시우
2019-07-03 3:17,상품D,,김우영
2019-06-04 2:18,상품R,1800,김준영
2019-03-08 1:10,상품K,1100,김시율
2019-02-13 9:54,상품X,2400,김민석
2019-07-04 3:23,상품X,2400,김윤재
2019-02-16 20:15,상품K,1100,김민혁
2019-04-09 0:53,상품O,1500,김대현
2019-07-17 23:10,상품H,800,김승훈
2019-06-25 14:13,상품Q,1700,김준우
2019-06-21 17:56,상품W,2300,김이안
2019-04-06 14:49,상품K,1100,김준영
2019-07-18 21:48,상품L,1200,김지오
2019-02-02 23:44,상품C,,김재훈
2019-02-10 15:05,상품V,2200,김우찬
2019-03-05 21:50,상품Y,2500,김태영
2019-04-08 4:26,상품X,2400,김우진
2019-06-26 19:02,상품M,1300,김주영
2019-03-12 7:26,상품L,1200,김범준
2019-01-28 22:13,상품A,,김윤호
2019-03-30 14:02,상품T,2000,김하랑
2019-07-11 20:03,상품M,,김시온
2019-07-23 6:54,상품Y,2500,김수호
2019-04-28 9:16,상품V,,김성민
2019-01-09 1:40,상품I,900,김승후
2019-02-09 18:08,상품I,900,김승환
2019-01-04 8:56,상품G,700,김시윤
2019-02-25 10:02,상품Y,2500,김지완
2019-03-14 12:23,상품Y,,김연호
2019-06-15 9:10,상품M,1300,김지원
2019-06-04 13:52,상품A,100,김강현
2019-03-14 9:52,상품I,900,김성민
2019-02-13 9:13,상품K,1100,김지민
2019-01-08 3:42,상품T,2000,김민규
2019-07-21 17:36,상품D,400,김찬영
2019-07-07 11:38,상품D,400,김민혁
2019-06-21 21:43,상품G,700,김도하
2019-03-05 12:14,상품X,2400,김현준
2019-02-25 21:04,상품L,1200,김예찬
2019-06-04 8:52,상품U,2100,김정원
2019-06-04 1:15,상품A,100,김이안
2019-02-23 16:34,상품R,1800,김주호
2019-01-29 15:29,상품B,,김시완
2019-07-06 17:43,상품F,600,김정민
2019-05-19 22:36,상품M,1300,김경민
2019-04-19 0:40,상품F,600,김태훈
2019-01-23 15:23,상품B,,김승호
2019-05-09 18:06,상품E,500,김현승
2019-03-04 17:24,상품J,,김재원
2019-03-10 22:27,상품P,1600,김태현
2019-07-11 18:05,상품J,1000,김지오
2019-06-05 2:25,상품A,100,김현성
2019-04-21 16:30,상품J,1000,김시환
2019-07-07 10:31,상품J,1000,김태경
2019-06-15 11:51,상품O,1500,김승찬
2019-02-22 0:50,상품U,2100,김윤재
2019-03-31 18:38,상품F,600,김우주
2019-06-30 18:09,상품D,400,김강현
2019-05-04 23:23,상품E,,김태경
2019-01-21 10:47,상품G,700,정우석
2019-03-17 0:15,상품N,1400,김도원
2019-03-23 15:01,상품H,800,김지우
2019-01-11 21:46,상품T,2000,김수혁
2019-07-28 18:56,상품Q,1700,김승훈
2019-05-20 4:18,상품U,2100,김윤성
2019-07-19 8:14,상품V,2200,김주원
2019-05-02 11:19,상품H,800,김원준
2019-04-08 9:54,상품K,1100,김주현
2019-06-10 20:11,상품P,1600,김은성
2019-06-24 2:56,상품A,100,김현진
2019-06-29 6:03,상품H,800,김지안
2019-01-07 13:36,상품H,800,김민석
2019-01-01 15:40,상품Q,1700,김우찬
2019-01-19 3:30,상품E,,김승빈
2019-04-29 18:03,상품Y,,정도형
2019-06-14 5:20,상품V,2200,김동우
2019-03-26 10:08,상품L,1200,김우준
2019-07-23 2:57,상품Q,1700,김도윤
2019-07-24 8:01,상품W,2300,김하율
2019-02-02 10:14,상품W,2300,김준형
2019-07-24 20:13,상품N,1400,김준성
2019-01-09 7:27,상품S,1900,김하준
2019-07-05 1:09,상품S,1900,김태경
2019-02-23 8:49,상품V,,김태윤
2019-02-09 15:38,상품T,2000,김준성
2019-06-30 9:18,상품H,800,김영준
2019-04-09 4:40,상품Q,1700,김승훈
2019-07-17 2:03,상품M,1300,김예찬
2019-04-27 11:58,상품I,900,김정훈
2019-06-03 4:05,상품S,1900,김은성
2019-02-25 0:37,상품D,400,김도하
2019-06-29 1:51,상품G,700,김지우
2019-05-09 10:56,상품S,,김우빈
2019-06-06 18:44,상품C,300,김세현
2019-07-31 7:59,상품E,500,김지성
2019-03-19 6:00,상품D,400,김지혁
2019-06-12 21:15,상품I,,김준석
2019-03-02 9:42,상품N,,김승주
2019-07-21 14:24,상품U,2100,김승호
2019-02-20 19:40,상품E,500,김하랑
2019-06-11 1:17,상품K,1100,김정민
2019-02-11 3:01,상품J,,김지한
2019-05-02 20:35,상품Q,1700,김주호
2019-06-13 2:57,상품S,1900,김동하
2019-01-31 12:48,상품N,1400,정영훈
2019-04-02 15:36,상품C,300,김은찬
2019-07-21 12:14,상품X,2400,김시온
2019-04-16 3:10,상품L,1200,김유찬
2019-06-21 11:09,상품A,,김승훈
2019-04-03 6:18,상품Q,1700,김하율
2019-05-27 18:24,상품H,800,김성준
2019-06-09 0:53,상품D,400,김민준
2019-03-14 5:32,상품H,800,김현서
2019-03-14 10:37,상품D,400,김민우
2019-03-08 19:47,상품L,1200,김호준
2019-04-11 8:35,상품V,,김도훈
2019-03-28 19:30,상품K,1100,김지율
2019-06-28 6:59,상품R,1800,김태훈
2019-03-25 6:01,상품J,1000,김태훈
2019-03-21 8:38,상품K,1100,김유준
2019-03-09 23:48,상품F,600,김우빈
2019-06-11 3:30,상품L,1200,김규민
2019-05-18 22:59,상품B,200,김현준
2019-03-25 9:43,상품B,200,김윤재
2019-05-29 6:20,상품O,1500,김승준
2019-02-14 4:11,상품T,2000,김시훈
2019-02-21 10:34,상품Y,,김예찬
2019-02-13 13:06,상품D,400,김예성
2019-03-27 11:33,상품L,1200,김정민
2019-07-07 22:53,상품R,1800,김승윤
2019-03-12 19:19,상품R,1800,김동현
2019-04-30 2:46,상품R,1800,김주현
2019-06-19 17:24,상품U,2100,김시완
2019-02-20 2:34,상품R,1800,김시온
2019-07-04 15:15,상품H,,김현준
2019-06-11 21:59,상품V,2200,김현승
2019-04-07 12:34,상품A,100,김예찬
2019-03-21 8:43,상품S,1900,김지원
2019-04-03 9:37,상품Q,,김하윤
2019-04-29 20:52,상품N,1400,정영훈
2019-06-30 18:30,상품X,2400,김현진
2019-02-08 1:41,상품P,1600,김경민
2019-07-20 7:22,상품X,2400,김지우
2019-02-21 14:58,상품S,,김도원
2019-06-13 22:19,상품Y,2500,김승재
2019-04-08 0:10,상품B,200,김동욱
2019-06-08 12:03,상품J,1000,김서윤
2019-03-16 23:24,상품C,300,김동우
2019-05-09 1:44,상품N,1400,김주혁
2019-04-09 15:05,상품W,2300,김윤서
2019-01-25 23:42,상품H,,김재우
2019-02-18 16:32,상품V,2200,김주혁
2019-03-18 3:50,상품N,1400,김재윤
2019-06-03 20:05,상품Q,1700,김지민
2019-07-09 5:42,상품C,300,김강현
2019-05-29 8:42,상품A,100,김재훈
2019-07-04 10:24,상품M,1300,김승환
2019-03-31 20:04,상품M,1300,김이안
2019-02-13 9:17,상품J,1000,김태양
2019-07-10 5:07,상품C,300,김예성
2019-01-06 19:17,상품X,2400,김수혁
2019-01-04 20:48,상품Q,1700,김주안
2019-06-03 17:33,상품A,100,김서진
2019-05-23 0:16,상품M,1300,김규현
2019-02-08 19:01,상품D,400,김지혁
2019-07-17 1:39,상품H,800,김지혁
2019-06-09 16:13,상품C,300,김주혁
2019-04-22 0:36,상품Y,,김동욱
2019-04-30 14:21,상품Y,,김하준
2019-04-18 16:44,상품B,,김유빈
2019-07-13 21:56,상품O,1500,김정민
2019-02-22 17:50,상품D,400,김지우
2019-03-28 0:28,상품Q,1700,김도현
2019-04-25 17:15,상품A,100,김강현
2019-04-02 15:42,상품G,700,김주환
2019-03-30 15:11,상품O,1500,김영준
2019-06-14 10:11,상품Y,2500,김도영
2019-01-18 20:25,상품J,1000,김지율
2019-02-13 7:01,상품G,700,김성민
2019-04-18 22:32,상품N,1400,김재희
2019-04-09 0:56,상품O,1500,김은찬
2019-07-20 12:52,상품N,1400,김승민
2019-02-10 21:06,상품M,1300,김우진
2019-06-07 16:01,상품R,1800,김수혁
2019-05-20 14:05,상품A,100,김지안
2019-06-11 13:02,상품Y,2500,김민수
2019-02-10 2:50,상품K,1100,김민준
2019-07-24 7:57,상품I,900,김은호
2019-07-29 20:46,상품I,,김도경
2019-04-05 8:17,상품K,1100,김태양
2019-02-04 8:57,상품E,500,김지훈
2019-04-12 5:41,상품D,400,김승호
2019-02-08 12:29,상품V,2200,김찬우
2019-02-24 18:54,상품C,300,김준석
2019-02-28 14:21,상품G,700,김원준
2019-04-21 13:07,상품U,2100,김수혁
2019-04-27 21:33,상품Y,2500,김상민
2019-05-16 7:16,상품Y,2500,김하랑
2019-06-20 7:38,상품P,1600,김은호
2019-02-03 1:29,상품N,1400,김주원
2019-02-11 14:20,상품B,200,김재민
2019-07-11 5:23,상품I,900,김준영
2019-03-08 23:12,상품P,1600,김태현
2019-01-27 19:11,상품D,400,김민호
2019-01-13 19:15,상품H,800,김현승
2019-02-09 3:19,상품N,,김지완
2019-06-24 11:02,상품D,400,김지용
2019-03-02 0:56,상품L,1200,김범준
2019-03-07 22:46,상품F,600,김서진
2019-04-11 4:02,상품B,,김찬영
2019-02-28 10:03,상품S,1900,김민재
2019-05-26 16:20,상품Q,1700,김주현
2019-06-21 3:33,상품F,600,김시훈
2019-01-10 23:44,상품W,2300,김동하
2019-02-07 17:29,상품F,600,김현승
2019-02-09 11:56,상품K,1100,김지율
2019-06-28 7:46,상품V,2200,김서준
2019-01-11 7:19,상품B,200,김현수
2019-03-30 13:58,상품Q,1700,김연준
2019-06-14 21:48,상품J,1000,김하윤
2019-07-30 5:09,상품W,2300,김승원
2019-02-14 5:43,상품G,700,김우주
2019-01-20 19:05,상품B,200,김준호
2019-02-26 0:58,상품C,300,김규민
2019-01-26 8:24,상품I,900,김수호
2019-05-24 14:07,상품L,1200,김동건
2019-07-01 20:51,상품V,2200,김정후
2019-07-15 21:21,상품C,300,김우찬
2019-01-30 1:10,상품E,,김동현
2019-02-24 1:12,상품M,1300,김은성
2019-03-25 18:43,상품J,1000,김민서
2019-01-25 16:50,상품O,1500,김성윤
2019-04-20 1:05,상품G,700,김재훈
2019-02-07 0:20,상품S,,김현수
2019-03-02 18:15,상품K,1100,김민찬
2019-06-14 19:10,상품U,2100,김재호
2019-02-01 22:13,상품S,1900,김도경
2019-03-03 13:01,상품Y,2500,김대현
2019-05-06 2:24,상품A,100,김주혁
2019-02-21 17:39,상품H,800,김승준
2019-07-25 18:15,상품T,2000,김정현
2019-02-21 19:17,상품F,600,김재민
2019-04-30 22:13,상품Y,2500,정도형
2019-05-25 21:25,상품F,600,김하윤
2019-01-18 8:40,상품O,1500,김도훈
2019-07-09 15:12,상품S,1900,김민서
2019-02-01 11:44,상품O,1500,김윤찬
2019-02-17 4:24,상품D,400,김재준
2019-06-13 23:11,상품D,400,김연준
2019-01-28 13:01,상품O,,김세현
2019-04-16 16:13,상품J,1000,김하율
2019-01-22 7:54,상품K,1100,김상현
2019-07-27 16:11,상품N,1400,김수호
2019-04-12 6:47,상품Q,,김성민
2019-03-18 10:01,상품X,,김예찬
2019-05-01 16:48,상품H,800,김우찬
2019-02-01 3:48,상품O,1500,김은혁
2019-03-15 11:17,상품L,1200,김시훈
2019-02-02 4:52,상품S,1900,김태우
2019-04-30 19:47,상품R,1800,김준수
2019-07-13 21:38,상품A,100,김태윤
2019-02-04 17:08,상품P,1600,김예준
2019-07-21 10:36,상품Y,2500,김지오
2019-07-11 0:11,상품L,1200,김윤찬
2019-03-02 20:55,상품X,,김우준
2019-04-06 21:20,상품N,1400,김우찬
2019-03-09 17:26,상품N,1400,김승빈
2019-07-01 2:15,상품P,1600,김지오
2019-04-26 22:17,상품R,1800,김현승
2019-02-18 16:53,상품L,1200,김민서
2019-05-09 0:44,상품H,800,김민준
2019-03-06 6:16,상품G,700,김승호
2019-03-06 22:30,상품X,2400,김현진
2019-03-12 19:34,상품C,300,김정후
2019-01-04 13:05,상품K,,김정훈
2019-01-23 7:08,상품R,1800,김시완
2019-05-19 3:20,상품M,1300,김태훈
2019-07-16 11:34,상품O,,김서준
2019-02-18 14:36,상품W,2300,김우빈
2019-07-27 10:13,상품C,,김동하
2019-01-25 3:57,상품C,300,김이안
2019-02-15 2:56,상품Y,2500,김정민
2019-06-22 4:03,상품M,1300,김재원
2019-03-29 11:14,상품Q,,김지율
2019-07-14 12:56,상품H,,김승주
2019-07-21 0:31,상품D,400,정준기
