detail_id,transaction_id,item_id,quantity
5000,T0000004870,S002,3
5001,T0000004871,S003,1
5002,T0000004872,S001,2
5003,T0000004873,S004,1
5004,T0000004874,S003,2
5005,T0000004875,S002,2
5006,T0000004875,S005,1
5007,T0000004876,S004,1
5008,T0000004877,S005,1
5009,T0000004878,S002,1
5010,T0000004879,S005,1
5011,T0000004880,S005,1
5012,T0000004881,S001,1
5013,T0000004882,S002,1
5014,T0000004883,S003,1
5015,T0000004884,S003,1
5016,T0000004885,S004,1
5017,T0000004886,S002,2
5018,T0000004887,S002,2
5019,T0000004888,S004,1
5020,T0000004889,S002,3
5021,T0000004890,S001,1
5022,T0000004891,S003,1
5023,T0000004892,S005,1
5024,T0000004892,S003,1
5025,T0000004893,S002,1
5026,T0000004894,S001,3
5027,T0000004895,S001,1
5028,T0000004896,S005,1
5029,T0000004896,S002,1
5030,T0000004897,S002,1
5031,T0000004898,S005,1
5032,T0000004899,S004,1
5033,T0000004900,S001,2
5034,T0000004901,S005,1
5035,T0000004902,S002,1
5036,T0000004903,S001,2
5037,T0000004904,S001,2
5038,T0000004905,S004,2
5039,T0000004906,S001,1
5040,T0000004907,S001,1
5041,T0000004908,S001,1
5042,T0000004909,S005,1
5043,T0000004910,S001,2
5044,T0000004911,S002,1
5045,T0000004912,S003,1
5046,T0000004913,S002,1
5047,T0000004914,S002,1
5048,T0000004915,S002,1
5049,T0000004916,S002,1
5050,T0000004917,S003,1
5051,T0000004917,S001,1
5052,T0000004918,S002,1
5053,T0000004919,S001,2
5054,T0000004920,S001,1
5055,T0000004921,S005,1
5056,T0000004922,S003,1
5057,T0000004923,S001,1
5058,T0000004924,S004,1
5059,T0000004925,S001,1
5060,T0000004926,S001,1
5061,T0000004927,S002,1
5062,T0000004928,S001,2
5063,T0000004929,S005,1
5064,T0000004930,S002,1
5065,T0000004931,S005,1
5066,T0000004932,S005,1
5067,T0000004933,S004,1
5068,T0000004934,S002,1
5069,T0000004935,S003,1
5070,T0000004936,S001,1
5071,T0000004937,S002,2
5072,T0000004938,S001,2
5073,T0000004939,S005,1
5074,T0000004940,S002,2
5075,T0000004941,S004,1
5076,T0000004942,S001,1
5077,T0000004943,S001,1
5078,T0000004943,S004,1
5079,T0000004944,S002,1
5080,T0000004945,S003,1
5081,T0000004946,S004,2
5082,T0000004947,S004,1
5083,T0000004948,S005,1
5084,T0000004949,S001,1
5085,T0000004950,S001,1
5086,T0000004951,S001,2
5087,T0000004952,S001,2
5088,T0000004952,S003,2
5089,T0000004953,S005,1
5090,T0000004954,S001,2
5091,T0000004955,S003,1
5092,T0000004956,S001,1
5093,T0000004957,S002,1
5094,T0000004958,S002,1
5095,T0000004959,S005,1
5096,T0000004960,S003,1
5097,T0000004961,S001,1
5098,T0000004962,S001,1
5099,T0000004963,S004,1
5100,T0000004964,S005,1
5101,T0000004965,S001,1
5102,T0000004965,S001,1
5103,T0000004966,S001,1
5104,T0000004967,S001,1
5105,T0000004968,S005,1
5106,T0000004969,S005,1
5107,T0000004970,S001,1
5108,T0000004971,S005,1
5109,T0000004972,S001,1
5110,T0000004973,S004,2
5111,T0000004974,S002,1
5112,T0000004975,S003,1
5113,T0000004976,S001,1
5114,T0000004977,S003,2
5115,T0000004978,S002,1
5116,T0000004979,S003,1
5117,T0000004980,S002,3
5118,T0000004981,S003,1
5119,T0000004982,S002,1
5120,T0000004983,S004,1
5121,T0000004984,S003,1
5122,T0000004985,S001,1
5123,T0000004986,S002,1
5124,T0000004987,S004,1
5125,T0000004988,S002,1
5126,T0000004989,S005,1
5127,T0000004990,S002,2
5128,T0000004991,S002,1
5129,T0000004992,S005,1
5130,T0000004993,S004,1
5131,T0000004994,S005,1
5132,T0000004995,S001,1
5133,T0000004996,S005,1
5134,T0000004997,S005,1
5135,T0000004998,S001,4
5136,T0000004999,S001,1
5137,T0000005000,S003,1
5138,T0000005001,S005,1
5139,T0000005002,S001,1
5140,T0000005003,S004,1
5141,T0000005004,S004,1
5142,T0000005004,S001,1
5143,T0000005005,S004,1
5144,T0000005006,S002,1
5145,T0000005006,S004,2
5146,T0000005007,S003,1
5147,T0000005008,S005,1
5148,T0000005009,S003,1
5149,T0000005010,S001,1
5150,T0000005011,S003,1
5151,T0000005012,S005,1
5152,T0000005013,S005,1
5153,T0000005014,S003,1
5154,T0000005015,S002,1
5155,T0000005016,S004,1
5156,T0000005017,S002,1
5157,T0000005018,S001,1
5158,T0000005019,S001,1
5159,T0000005020,S005,1
5160,T0000005021,S005,1
5161,T0000005022,S005,1
5162,T0000005023,S001,2
5163,T0000005024,S001,1
5164,T0000005025,S004,1
5165,T0000005026,S002,2
5166,T0000005027,S003,1
5167,T0000005028,S005,1
5168,T0000005029,S005,1
5169,T0000005030,S001,1
5170,T0000005031,S005,1
5171,T0000005032,S002,1
5172,T0000005033,S002,1
5173,T0000005033,S005,1
5174,T0000005034,S005,1
5175,T0000005035,S003,1
5176,T0000005035,S003,1
5177,T0000005036,S005,1
5178,T0000005037,S003,1
5179,T0000005038,S005,1
5180,T0000005039,S002,1
5181,T0000005040,S004,1
5182,T0000005041,S005,1
5183,T0000005042,S002,1
5184,T0000005043,S003,1
5185,T0000005044,S005,1
5186,T0000005045,S001,1
5187,T0000005046,S005,1
5188,T0000005047,S003,1
5189,T0000005048,S005,1
5190,T0000005049,S005,1
5191,T0000005050,S003,1
5192,T0000005051,S001,1
5193,T0000005052,S001,2
5194,T0000005053,S005,1
5195,T0000005054,S005,1
5196,T0000005055,S005,1
5197,T0000005056,S001,3
5198,T0000005057,S004,1
5199,T0000005058,S005,1
5200,T0000005059,S001,2
5201,T0000005060,S001,1
5202,T0000005061,S001,2
5203,T0000005062,S005,1
5204,T0000005063,S001,2
5205,T0000005064,S005,1
5206,T0000005065,S001,2
5207,T0000005066,S004,1
5208,T0000005067,S001,1
5209,T0000005068,S005,1
5210,T0000005069,S001,1
5211,T0000005070,S005,1
5212,T0000005071,S005,1
5213,T0000005072,S002,1
5214,T0000005073,S003,1
5215,T0000005074,S002,3
5216,T0000005075,S001,1
5217,T0000005076,S001,1
5218,T0000005077,S002,1
5219,T0000005078,S001,1
5220,T0000005079,S002,1
5221,T0000005079,S003,1
5222,T0000005080,S003,1
5223,T0000005080,S005,1
5224,T0000005081,S005,1
5225,T0000005082,S005,1
5226,T0000005083,S003,1
5227,T0000005084,S001,3
5228,T0000005085,S003,2
5229,T0000005086,S005,1
5230,T0000005087,S001,1
5231,T0000005088,S005,1
5232,T0000005089,S002,1
5233,T0000005090,S002,1
5234,T0000005090,S001,2
5235,T0000005091,S003,1
5236,T0000005091,S001,1
5237,T0000005092,S005,1
5238,T0000005093,S001,1
5239,T0000005094,S001,1
5240,T0000005095,S002,1
5241,T0000005096,S005,1
5242,T0000005097,S002,1
5243,T0000005098,S003,1
5244,T0000005099,S001,1
5245,T0000005100,S001,2
5246,T0000005101,S005,1
5247,T0000005102,S005,1
5248,T0000005103,S001,2
5249,T0000005104,S005,1
5250,T0000005105,S004,1
5251,T0000005106,S002,1
5252,T0000005107,S003,1
5253,T0000005108,S005,1
5254,T0000005109,S001,3
5255,T0000005110,S001,1
5256,T0000005111,S005,1
5257,T0000005112,S001,1
5258,T0000005113,S005,1
5259,T0000005113,S002,1
5260,T0000005114,S001,1
5261,T0000005115,S002,1
5262,T0000005116,S001,1
5263,T0000005117,S003,1
5264,T0000005118,S005,1
5265,T0000005119,S005,2
5266,T0000005120,S005,1
5267,T0000005121,S005,1
5268,T0000005122,S005,1
5269,T0000005123,S001,2
5270,T0000005124,S004,1
5271,T0000005125,S004,1
5272,T0000005126,S004,1
5273,T0000005127,S005,1
5274,T0000005128,S003,1
5275,T0000005129,S005,1
5276,T0000005130,S005,1
5277,T0000005131,S005,1
5278,T0000005132,S002,1
5279,T0000005133,S005,1
5280,T0000005134,S004,1
5281,T0000005135,S001,1
5282,T0000005136,S003,1
5283,T0000005137,S003,1
5284,T0000005138,S002,1
5285,T0000005139,S005,1
5286,T0000005140,S003,1
5287,T0000005141,S005,1
5288,T0000005142,S005,1
5289,T0000005143,S001,3
5290,T0000005144,S001,1
5291,T0000005145,S005,1
5292,T0000005146,S001,1
5293,T0000005146,S005,1
5294,T0000005147,S005,1
5295,T0000005148,S002,1
5296,T0000005149,S002,1
5297,T0000005150,S002,3
5298,T0000005151,S004,1
5299,T0000005152,S004,1
5300,T0000005153,S004,1
5301,T0000005154,S003,1
5302,T0000005155,S004,2
5303,T0000005156,S002,1
5304,T0000005157,S005,1
5305,T0000005158,S002,1
5306,T0000005159,S002,1
5307,T0000005160,S002,1
5308,T0000005161,S005,1
5309,T0000005162,S001,1
5310,T0000005163,S001,3
5311,T0000005164,S005,1
5312,T0000005165,S002,1
5313,T0000005166,S001,1
5314,T0000005167,S005,1
5315,T0000005168,S001,1
5316,T0000005169,S001,1
5317,T0000005169,S005,1
5318,T0000005170,S004,1
5319,T0000005171,S001,2
5320,T0000005172,S001,1
5321,T0000005173,S001,1
5322,T0000005174,S002,1
5323,T0000005175,S004,1
5324,T0000005176,S005,1
5325,T0000005177,S001,1
5326,T0000005178,S001,4
5327,T0000005179,S001,1
5328,T0000005180,S005,1
5329,T0000005181,S003,1
5330,T0000005182,S005,1
5331,T0000005183,S005,1
5332,T0000005184,S001,1
5333,T0000005185,S003,1
5334,T0000005186,S002,1
5335,T0000005187,S003,1
5336,T0000005188,S001,3
5337,T0000005189,S005,1
5338,T0000005190,S005,1
5339,T0000005191,S004,1
5340,T0000005192,S001,1
5341,T0000005193,S001,1
5342,T0000005194,S002,2
5343,T0000005195,S005,1
5344,T0000005196,S002,1
5345,T0000005197,S004,1
5346,T0000005198,S004,1
5347,T0000005199,S005,1
5348,T0000005200,S001,2
5349,T0000005201,S003,1
5350,T0000005202,S002,1
5351,T0000005203,S002,2
5352,T0000005204,S003,1
5353,T0000005205,S005,1
5354,T0000005206,S001,2
5355,T0000005207,S005,1
5356,T0000005208,S001,1
5357,T0000005209,S001,1
5358,T0000005210,S003,1
5359,T0000005211,S004,1
5360,T0000005212,S001,2
5361,T0000005213,S004,1
5362,T0000005214,S004,1
5363,T0000005214,S005,1
5364,T0000005215,S001,1
5365,T0000005216,S001,1
5366,T0000005217,S003,1
5367,T0000005218,S002,1
5368,T0000005219,S002,1
5369,T0000005219,S005,1
5370,T0000005220,S001,2
5371,T0000005221,S005,1
5372,T0000005222,S004,1
5373,T0000005223,S005,1
5374,T0000005224,S005,1
5375,T0000005225,S003,1
5376,T0000005226,S003,1
5377,T0000005227,S001,1
5378,T0000005228,S001,1
5379,T0000005229,S002,2
5380,T0000005230,S005,1
5381,T0000005230,S003,1
5382,T0000005231,S001,2
5383,T0000005232,S005,1
5384,T0000005233,S005,1
5385,T0000005234,S004,1
5386,T0000005235,S003,1
5387,T0000005236,S001,1
5388,T0000005237,S005,1
5389,T0000005238,S003,1
5390,T0000005239,S001,2
5391,T0000005240,S001,1
5392,T0000005241,S004,1
5393,T0000005242,S002,1
5394,T0000005243,S005,1
5395,T0000005244,S004,1
5396,T0000005245,S001,2
5397,T0000005246,S001,1
5398,T0000005247,S004,1
5399,T0000005248,S001,1
5400,T0000005249,S005,1
5401,T0000005250,S001,2
5402,T0000005251,S001,1
5403,T0000005252,S001,2
5404,T0000005253,S001,1
5405,T0000005254,S001,2
5406,T0000005255,S004,1
5407,T0000005256,S001,1
5408,T0000005257,S005,1
5409,T0000005258,S002,1
5410,T0000005259,S002,1
5411,T0000005260,S002,1
5412,T0000005261,S002,1
5413,T0000005262,S001,1
5414,T0000005263,S004,1
5415,T0000005264,S004,1
5416,T0000005265,S005,1
5417,T0000005266,S001,1
5418,T0000005267,S001,1
5419,T0000005267,S002,1
5420,T0000005268,S001,1
5421,T0000005269,S001,1
5422,T0000005270,S003,1
5423,T0000005271,S002,1
5424,T0000005272,S004,1
5425,T0000005273,S003,2
5426,T0000005274,S005,1
5427,T0000005274,S003,1
5428,T0000005275,S002,1
5429,T0000005276,S001,2
5430,T0000005277,S001,1
5431,T0000005278,S002,1
5432,T0000005279,S001,1
5433,T0000005280,S005,1
5434,T0000005281,S004,1
5435,T0000005282,S001,4
5436,T0000005283,S002,1
5437,T0000005284,S005,1
5438,T0000005285,S001,1
5439,T0000005286,S001,3
5440,T0000005287,S002,1
5441,T0000005288,S001,1
5442,T0000005289,S002,1
5443,T0000005290,S005,1
5444,T0000005291,S001,1
5445,T0000005292,S005,1
5446,T0000005293,S002,1
5447,T0000005294,S001,1
5448,T0000005295,S001,1
5449,T0000005296,S005,1
5450,T0000005297,S003,1
5451,T0000005298,S005,1
5452,T0000005299,S001,1
5453,T0000005300,S005,1
5454,T0000005301,S005,1
5455,T0000005302,S002,1
5456,T0000005303,S001,1
5457,T0000005304,S003,1
5458,T0000005305,S003,1
5459,T0000005306,S005,1
5460,T0000005307,S003,1
5461,T0000005308,S003,2
5462,T0000005309,S002,1
5463,T0000005310,S004,1
5464,T0000005311,S005,1
5465,T0000005312,S001,1
5466,T0000005313,S001,2
5467,T0000005314,S002,1
5468,T0000005315,S005,1
5469,T0000005316,S005,2
5470,T0000005316,S002,1
5471,T0000005317,S004,1
5472,T0000005318,S005,1
5473,T0000005319,S001,1
5474,T0000005320,S002,2
5475,T0000005321,S001,2
5476,T0000005322,S001,2
5477,T0000005323,S001,1
5478,T0000005324,S003,1
5479,T0000005325,S005,1
5480,T0000005326,S004,1
5481,T0000005327,S002,1
5482,T0000005327,S004,1
5483,T0000005328,S001,1
5484,T0000005329,S001,1
5485,T0000005330,S005,1
5486,T0000005331,S004,1
5487,T0000005332,S003,1
5488,T0000005333,S005,1
5489,T0000005334,S002,2
5490,T0000005335,S005,1
5491,T0000005335,S003,1
5492,T0000005335,S005,1
5493,T0000005336,S004,1
5494,T0000005336,S004,1
5495,T0000005336,S005,1
5496,T0000005337,S001,1
5497,T0000005338,S001,3
5498,T0000005339,S001,1
5499,T0000005340,S005,1
5500,T0000005341,S001,4
5501,T0000005342,S001,4
5502,T0000005343,S003,1
5503,T0000005344,S005,1
5504,T0000005345,S002,1
5505,T0000005346,S002,1
5506,T0000005347,S004,1
5507,T0000005348,S001,3
5508,T0000005349,S001,1
5509,T0000005350,S001,2
5510,T0000005351,S005,1
5511,T0000005352,S005,1
5512,T0000005353,S005,1
5513,T0000005354,S002,1
5514,T0000005355,S002,1
5515,T0000005356,S002,1
5516,T0000005357,S004,1
5517,T0000005358,S005,1
5518,T0000005359,S002,1
5519,T0000005360,S005,1
5520,T0000005361,S001,1
5521,T0000005362,S001,1
5522,T0000005363,S004,1
5523,T0000005364,S004,1
5524,T0000005365,S002,1
5525,T0000005366,S001,1
5526,T0000005367,S004,2
5527,T0000005368,S005,1
5528,T0000005369,S005,1
5529,T0000005370,S005,1
5530,T0000005371,S001,1
5531,T0000005372,S003,1
5532,T0000005373,S001,1
5533,T0000005374,S001,3
5534,T0000005375,S002,1
5535,T0000005376,S005,1
5536,T0000005377,S002,1
5537,T0000005378,S002,1
5538,T0000005379,S001,1
5539,T0000005380,S005,1
5540,T0000005381,S003,1
5541,T0000005382,S001,1
5542,T0000005383,S005,1
5543,T0000005383,S001,1
5544,T0000005384,S002,2
5545,T0000005385,S005,1
5546,T0000005386,S005,1
5547,T0000005387,S005,1
5548,T0000005388,S005,1
5549,T0000005389,S002,1
5550,T0000005390,S003,2
5551,T0000005390,S002,2
5552,T0000005391,S002,1
5553,T0000005392,S005,1
5554,T0000005393,S001,1
5555,T0000005394,S001,1
5556,T0000005395,S005,1
5557,T0000005396,S005,1
5558,T0000005397,S002,1
5559,T0000005398,S002,1
5560,T0000005399,S001,3
5561,T0000005399,S005,1
5562,T0000005400,S005,1
5563,T0000005401,S001,1
5564,T0000005401,S002,1
5565,T0000005402,S003,1
5566,T0000005403,S004,1
5567,T0000005404,S005,1
5568,T0000005405,S005,1
5569,T0000005406,S002,1
5570,T0000005407,S002,1
5571,T0000005408,S002,1
5572,T0000005409,S002,1
5573,T0000005410,S001,1
5574,T0000005411,S002,1
5575,T0000005412,S005,1
5576,T0000005413,S005,1
5577,T0000005414,S001,1
5578,T0000005415,S005,1
5579,T0000005416,S004,1
5580,T0000005417,S005,1
5581,T0000005418,S001,3
5582,T0000005419,S001,1
5583,T0000005420,S005,1
5584,T0000005421,S002,1
5585,T0000005422,S003,1
5586,T0000005423,S001,2
5587,T0000005424,S003,1
5588,T0000005424,S003,1
5589,T0000005425,S004,1
5590,T0000005426,S003,1
5591,T0000005427,S004,1
5592,T0000005428,S003,1
5593,T0000005429,S002,1
5594,T0000005430,S003,1
5595,T0000005431,S001,1
5596,T0000005432,S003,1
5597,T0000005433,S001,1
5598,T0000005434,S004,1
5599,T0000005434,S001,1
5600,T0000005435,S005,1
5601,T0000005436,S002,2
5602,T0000005437,S005,1
5603,T0000005438,S001,1
5604,T0000005439,S002,1
5605,T0000005440,S001,1
5606,T0000005441,S003,1
5607,T0000005442,S005,1
5608,T0000005443,S002,1
5609,T0000005444,S001,2
5610,T0000005445,S004,1
5611,T0000005446,S001,3
5612,T0000005447,S002,1
5613,T0000005448,S002,1
5614,T0000005449,S005,1
5615,T0000005450,S005,1
5616,T0000005451,S005,1
5617,T0000005452,S001,1
5618,T0000005453,S001,1
5619,T0000005454,S003,1
5620,T0000005455,S005,1
5621,T0000005456,S005,1
5622,T0000005457,S005,1
5623,T0000005458,S005,2
5624,T0000005459,S001,3
5625,T0000005460,S004,1
5626,T0000005461,S003,1
5627,T0000005462,S003,2
5628,T0000005463,S002,1
5629,T0000005464,S004,1
5630,T0000005465,S004,1
5631,T0000005466,S001,1
5632,T0000005467,S004,1
5633,T0000005468,S002,2
5634,T0000005469,S003,1
5635,T0000005470,S002,1
5636,T0000005471,S003,1
5637,T0000005472,S004,1
5638,T0000005473,S001,1
5639,T0000005474,S005,1
5640,T0000005475,S005,1
5641,T0000005476,S004,1
5642,T0000005476,S002,3
5643,T0000005477,S001,1
5644,T0000005478,S003,2
5645,T0000005479,S004,1
5646,T0000005480,S001,2
5647,T0000005481,S002,1
5648,T0000005482,S005,1
5649,T0000005483,S001,1
5650,T0000005484,S004,1
5651,T0000005484,S005,1
5652,T0000005485,S003,1
5653,T0000005486,S005,1
5654,T0000005486,S005,1
5655,T0000005487,S001,1
5656,T0000005488,S003,1
5657,T0000005489,S001,2
5658,T0000005490,S003,1
5659,T0000005491,S005,1
5660,T0000005492,S002,1
5661,T0000005493,S002,1
5662,T0000005494,S005,1
5663,T0000005495,S003,1
5664,T0000005496,S003,1
5665,T0000005497,S001,1
5666,T0000005498,S002,1
5667,T0000005499,S001,4
5668,T0000005500,S001,2
5669,T0000005500,S005,1
5670,T0000005501,S005,1
5671,T0000005502,S005,1
5672,T0000005503,S001,1
5673,T0000005504,S002,1
5674,T0000005505,S001,4
5675,T0000005506,S005,1
5676,T0000005507,S001,2
5677,T0000005508,S004,1
5678,T0000005509,S001,1
5679,T0000005510,S004,1
5680,T0000005510,S003,1
5681,T0000005511,S001,1
5682,T0000005512,S005,1
5683,T0000005513,S002,1
5684,T0000005514,S001,3
5685,T0000005515,S001,1
5686,T0000005516,S005,1
5687,T0000005517,S005,1
5688,T0000005518,S005,1
5689,T0000005519,S002,2
5690,T0000005520,S005,1
5691,T0000005521,S001,2
5692,T0000005522,S004,1
5693,T0000005523,S003,1
5694,T0000005524,S003,1
5695,T0000005525,S003,1
5696,T0000005526,S001,2
5697,T0000005527,S002,1
5698,T0000005528,S001,1
5699,T0000005529,S002,1
5700,T0000005530,S003,1
5701,T0000005531,S004,1
5702,T0000005532,S003,1
5703,T0000005533,S001,3
5704,T0000005534,S005,1
5705,T0000005535,S001,1
5706,T0000005536,S005,1
5707,T0000005537,S002,2
5708,T0000005538,S003,1
5709,T0000005539,S005,1
5710,T0000005540,S005,1
5711,T0000005541,S005,1
5712,T0000005542,S005,2
5713,T0000005543,S005,1
5714,T0000005544,S001,1
5715,T0000005545,S005,1
5716,T0000005546,S001,1
5717,T0000005547,S002,1
5718,T0000005548,S002,1
5719,T0000005549,S001,1
5720,T0000005550,S003,1
5721,T0000005551,S001,2
5722,T0000005552,S004,1
5723,T0000005553,S001,1
5724,T0000005554,S004,1
5725,T0000005555,S001,3
5726,T0000005556,S002,1
5727,T0000005557,S003,1
5728,T0000005558,S001,2
5729,T0000005559,S003,2
5730,T0000005560,S003,1
5731,T0000005561,S003,1
5732,T0000005562,S002,2
5733,T0000005563,S001,3
5734,T0000005564,S002,1
5735,T0000005565,S005,1
5736,T0000005566,S004,1
5737,T0000005567,S002,1
5738,T0000005567,S004,1
5739,T0000005568,S001,1
5740,T0000005569,S003,1
5741,T0000005570,S004,1
5742,T0000005571,S005,1
5743,T0000005572,S001,1
5744,T0000005573,S004,1
5745,T0000005574,S001,1
5746,T0000005575,S004,1
5747,T0000005576,S002,1
5748,T0000005577,S002,1
5749,T0000005578,S001,2
5750,T0000005579,S003,1
5751,T0000005580,S002,2
5752,T0000005581,S002,1
5753,T0000005582,S001,1
5754,T0000005583,S002,2
5755,T0000005584,S001,1
5756,T0000005585,S003,2
5757,T0000005586,S001,1
5758,T0000005587,S002,1
5759,T0000005588,S005,1
5760,T0000005589,S001,2
5761,T0000005590,S003,1
5762,T0000005591,S005,1
5763,T0000005592,S003,1
5764,T0000005593,S002,1
5765,T0000005594,S005,1
5766,T0000005595,S001,2
5767,T0000005596,S003,1
5768,T0000005597,S003,1
5769,T0000005598,S001,1
5770,T0000005598,S001,3
5771,T0000005598,S003,1
5772,T0000005599,S002,2
5773,T0000005600,S003,1
5774,T0000005601,S001,2
5775,T0000005601,S001,1
5776,T0000005602,S002,1
5777,T0000005603,S002,1
5778,T0000005604,S005,1
5779,T0000005605,S003,1
5780,T0000005606,S004,1
5781,T0000005607,S001,1
5782,T0000005608,S002,2
5783,T0000005609,S001,1
5784,T0000005610,S005,1
5785,T0000005611,S004,1
5786,T0000005612,S001,1
5787,T0000005613,S003,1
5788,T0000005614,S005,1
5789,T0000005615,S004,1
5790,T0000005616,S001,1
5791,T0000005617,S004,1
5792,T0000005618,S001,1
5793,T0000005619,S005,1
5794,T0000005620,S002,2
5795,T0000005621,S005,1
5796,T0000005622,S004,1
5797,T0000005623,S003,2
5798,T0000005624,S004,1
5799,T0000005625,S005,1
5800,T0000005626,S003,1
5801,T0000005626,S004,1
5802,T0000005627,S001,1
5803,T0000005628,S002,1
5804,T0000005629,S003,1
5805,T0000005630,S002,1
5806,T0000005631,S005,1
5807,T0000005632,S005,1
5808,T0000005633,S001,2
5809,T0000005634,S005,1
5810,T0000005635,S001,1
5811,T0000005636,S005,1
5812,T0000005637,S002,1
5813,T0000005638,S003,2
5814,T0000005639,S002,1
5815,T0000005640,S004,1
5816,T0000005641,S003,1
5817,T0000005642,S003,1
5818,T0000005643,S001,1
5819,T0000005644,S001,1
5820,T0000005645,S001,1
5821,T0000005646,S003,1
5822,T0000005647,S005,1
5823,T0000005648,S004,1
5824,T0000005649,S001,1
5825,T0000005650,S001,1
5826,T0000005651,S004,1
5827,T0000005652,S001,1
5828,T0000005653,S002,2
5829,T0000005654,S003,1
5830,T0000005655,S005,1
5831,T0000005656,S003,1
5832,T0000005657,S005,1
5833,T0000005658,S005,1
5834,T0000005659,S004,1
5835,T0000005660,S001,1
5836,T0000005661,S003,1
5837,T0000005662,S005,1
5838,T0000005663,S005,1
5839,T0000005664,S002,1
5840,T0000005665,S005,1
5841,T0000005666,S003,1
5842,T0000005667,S003,1
5843,T0000005667,S001,1
5844,T0000005668,S005,1
5845,T0000005669,S001,3
5846,T0000005670,S002,2
5847,T0000005671,S001,3
5848,T0000005672,S001,2
5849,T0000005673,S005,1
5850,T0000005674,S005,1
5851,T0000005675,S004,1
5852,T0000005676,S001,1
5853,T0000005677,S001,2
5854,T0000005678,S002,1
5855,T0000005679,S001,2
5856,T0000005680,S002,1
5857,T0000005681,S003,1
5858,T0000005682,S001,1
5859,T0000005682,S001,1
5860,T0000005683,S003,1
5861,T0000005684,S005,1
5862,T0000005684,S004,1
5863,T0000005685,S002,1
5864,T0000005686,S005,1
5865,T0000005687,S002,1
5866,T0000005688,S001,2
5867,T0000005689,S002,1
5868,T0000005690,S002,1
5869,T0000005691,S005,1
5870,T0000005691,S002,1
5871,T0000005692,S001,1
5872,T0000005693,S005,1
5873,T0000005694,S003,2
5874,T0000005695,S002,3
5875,T0000005696,S005,1
5876,T0000005697,S002,1
5877,T0000005698,S002,3
5878,T0000005699,S004,1
5879,T0000005700,S004,2
5880,T0000005701,S001,2
5881,T0000005702,S004,1
5882,T0000005703,S002,1
5883,T0000005704,S004,1
5884,T0000005705,S005,1
5885,T0000005706,S001,1
5886,T0000005707,S005,1
5887,T0000005708,S001,2
5888,T0000005709,S005,1
5889,T0000005710,S002,1
5890,T0000005711,S005,1
5891,T0000005712,S003,1
5892,T0000005713,S001,1
5893,T0000005714,S001,1
5894,T0000005714,S002,1
5895,T0000005715,S002,1
5896,T0000005716,S001,1
5897,T0000005717,S005,1
5898,T0000005718,S002,1
5899,T0000005718,S003,1
5900,T0000005719,S005,1
5901,T0000005720,S005,1
5902,T0000005721,S004,1
5903,T0000005722,S001,1
5904,T0000005723,S001,1
5905,T0000005724,S002,1
5906,T0000005725,S001,1
5907,T0000005726,S001,2
5908,T0000005727,S001,1
5909,T0000005728,S005,1
5910,T0000005729,S004,1
5911,T0000005730,S001,3
5912,T0000005731,S005,1
5913,T0000005732,S004,1
5914,T0000005732,S003,1
5915,T0000005733,S005,1
5916,T0000005734,S001,1
5917,T0000005735,S001,2
5918,T0000005736,S001,2
5919,T0000005736,S001,3
5920,T0000005737,S002,1
5921,T0000005738,S002,2
5922,T0000005738,S005,1
5923,T0000005739,S005,1
5924,T0000005739,S005,1
5925,T0000005740,S001,1
5926,T0000005741,S002,1
5927,T0000005742,S005,1
5928,T0000005743,S002,1
5929,T0000005744,S003,2
5930,T0000005745,S005,1
5931,T0000005746,S002,2
5932,T0000005747,S005,1
5933,T0000005748,S001,1
5934,T0000005749,S002,2
5935,T0000005749,S001,1
5936,T0000005750,S002,1
5937,T0000005751,S004,1
5938,T0000005752,S004,1
5939,T0000005753,S001,1
5940,T0000005754,S001,2
5941,T0000005754,S001,1
5942,T0000005755,S005,1
5943,T0000005756,S001,1
5944,T0000005757,S005,1
5945,T0000005758,S003,1
5946,T0000005759,S002,1
5947,T0000005760,S005,1
5948,T0000005761,S005,1
5949,T0000005762,S005,1
5950,T0000005763,S004,1
5951,T0000005764,S002,1
5952,T0000005765,S005,2
5953,T0000005766,S005,1
5954,T0000005767,S001,1
5955,T0000005768,S001,1
5956,T0000005769,S001,1
5957,T0000005770,S005,1
5958,T0000005771,S001,1
5959,T0000005772,S004,1
5960,T0000005773,S001,1
5961,T0000005774,S005,1
5962,T0000005775,S005,1
5963,T0000005776,S001,1
5964,T0000005777,S002,1
5965,T0000005778,S002,1
5966,T0000005779,S001,1
5967,T0000005780,S001,2
5968,T0000005781,S002,1
5969,T0000005782,S002,1
5970,T0000005783,S002,1
5971,T0000005784,S002,2
5972,T0000005785,S001,1
5973,T0000005786,S002,1
5974,T0000005787,S005,1
5975,T0000005788,S005,1
5976,T0000005789,S001,1
5977,T0000005790,S005,1
5978,T0000005791,S001,1
5979,T0000005792,S005,1
5980,T0000005793,S005,1
5981,T0000005794,S004,1
5982,T0000005795,S001,1
5983,T0000005796,S002,1
5984,T0000005797,S001,2
5985,T0000005798,S003,1
5986,T0000005799,S005,1
5987,T0000005800,S002,2
5988,T0000005801,S001,1
5989,T0000005802,S002,1
5990,T0000005803,S005,1
5991,T0000005804,S001,1
5992,T0000005805,S002,1
5993,T0000005806,S004,1
5994,T0000005807,S005,2
5995,T0000005808,S002,1
5996,T0000005809,S002,2
5997,T0000005810,S005,1
5998,T0000005811,S003,1
5999,T0000005812,S004,1
6000,T0000005813,S001,1
6001,T0000005814,S005,1
6002,T0000005815,S003,1
6003,T0000005816,S001,1
6004,T0000005817,S005,1
6005,T0000005817,S001,1
6006,T0000005818,S005,1
6007,T0000005819,S001,1
6008,T0000005820,S002,1
6009,T0000005821,S003,1
6010,T0000005822,S001,1
6011,T0000005823,S001,2
6012,T0000005824,S001,1
6013,T0000005825,S001,1
6014,T0000005826,S005,1
6015,T0000005827,S002,2
6016,T0000005828,S005,1
6017,T0000005829,S004,1
6018,T0000005830,S004,1
6019,T0000005831,S002,1
6020,T0000005832,S005,1
6021,T0000005833,S005,1
6022,T0000005834,S002,1
6023,T0000005835,S002,2
6024,T0000005836,S003,1
6025,T0000005837,S005,1
6026,T0000005838,S002,1
6027,T0000005839,S001,1
6028,T0000005840,S001,1
6029,T0000005840,S004,1
6030,T0000005841,S003,1
6031,T0000005842,S001,1
6032,T0000005843,S001,1
6033,T0000005844,S002,2
6034,T0000005845,S002,1
6035,T0000005846,S005,1
6036,T0000005847,S001,1
6037,T0000005848,S003,1
6038,T0000005849,S005,1
6039,T0000005849,S001,1
6040,T0000005850,S004,1
6041,T0000005851,S005,1
6042,T0000005852,S004,1
6043,T0000005853,S001,2
6044,T0000005854,S004,1
6045,T0000005855,S003,1
6046,T0000005856,S005,1
6047,T0000005857,S003,1
6048,T0000005858,S002,1
6049,T0000005859,S002,1
6050,T0000005860,S005,1
6051,T0000005861,S002,1
6052,T0000005862,S005,1
6053,T0000005863,S005,1
6054,T0000005864,S004,1
6055,T0000005865,S005,1
6056,T0000005866,S004,1
6057,T0000005866,S002,1
6058,T0000005867,S003,1
6059,T0000005868,S002,1
6060,T0000005869,S005,1
6061,T0000005870,S003,1
6062,T0000005870,S002,1
6063,T0000005871,S001,1
6064,T0000005871,S002,2
6065,T0000005872,S003,1
6066,T0000005873,S004,1
6067,T0000005874,S001,1
6068,T0000005875,S005,1
6069,T0000005876,S005,1
6070,T0000005877,S005,1
6071,T0000005878,S005,1
6072,T0000005879,S005,1
6073,T0000005880,S001,2
6074,T0000005880,S005,1
6075,T0000005881,S001,1
6076,T0000005882,S001,4
6077,T0000005883,S002,1
6078,T0000005884,S001,1
6079,T0000005885,S001,1
6080,T0000005886,S003,1
6081,T0000005887,S003,1
6082,T0000005888,S002,2
6083,T0000005889,S001,2
6084,T0000005890,S002,1
6085,T0000005891,S003,1
6086,T0000005892,S001,1
6087,T0000005893,S005,1
6088,T0000005894,S003,1
6089,T0000005895,S005,1
6090,T0000005896,S001,1
6091,T0000005897,S003,1
6092,T0000005898,S001,1
6093,T0000005899,S005,2
6094,T0000005900,S004,1
6095,T0000005901,S005,1
6096,T0000005902,S002,2
6097,T0000005903,S002,1
6098,T0000005904,S005,1
6099,T0000005905,S005,1
6100,T0000005906,S005,1
6101,T0000005907,S005,1
6102,T0000005908,S001,2
6103,T0000005909,S003,2
6104,T0000005910,S004,1
6105,T0000005911,S002,1
6106,T0000005912,S003,1
6107,T0000005913,S002,1
6108,T0000005914,S005,1
6109,T0000005914,S005,1
6110,T0000005915,S002,1
6111,T0000005916,S002,2
6112,T0000005917,S005,1
6113,T0000005918,S005,1
6114,T0000005919,S003,2
6115,T0000005920,S002,3
6116,T0000005921,S005,1
6117,T0000005922,S002,1
6118,T0000005923,S003,1
6119,T0000005924,S001,3
6120,T0000005925,S001,1
6121,T0000005926,S001,1
6122,T0000005927,S002,1
6123,T0000005928,S001,2
6124,T0000005929,S005,1
6125,T0000005930,S004,1
6126,T0000005931,S002,1
6127,T0000005931,S002,1
6128,T0000005932,S005,1
6129,T0000005933,S003,1
6130,T0000005934,S005,1
6131,T0000005935,S001,1
6132,T0000005936,S002,1
6133,T0000005937,S002,1
6134,T0000005938,S005,1
6135,T0000005939,S002,1
6136,T0000005940,S003,2
6137,T0000005941,S003,1
6138,T0000005942,S002,1
6139,T0000005943,S001,2
6140,T0000005944,S002,1
6141,T0000005945,S001,1
6142,T0000005946,S004,1
6143,T0000005947,S001,1
6144,T0000005948,S002,1
6145,T0000005949,S005,1
6146,T0000005950,S004,1
6147,T0000005951,S001,2
6148,T0000005952,S005,1
6149,T0000005953,S002,1
6150,T0000005954,S001,1
6151,T0000005955,S002,1
6152,T0000005956,S004,1
6153,T0000005957,S001,2
6154,T0000005958,S002,1
6155,T0000005959,S002,1
6156,T0000005960,S005,1
6157,T0000005961,S004,1
6158,T0000005962,S003,1
6159,T0000005963,S004,1
6160,T0000005964,S005,1
6161,T0000005965,S001,1
6162,T0000005965,S001,1
6163,T0000005966,S005,1
6164,T0000005967,S002,1
6165,T0000005968,S004,2
6166,T0000005969,S001,2
6167,T0000005970,S002,2
6168,T0000005971,S004,1
6169,T0000005972,S005,1
6170,T0000005973,S005,1
6171,T0000005974,S004,1
6172,T0000005975,S004,1
6173,T0000005976,S005,1
6174,T0000005976,S001,2
6175,T0000005977,S002,1
6176,T0000005978,S001,4
6177,T0000005979,S001,1
6178,T0000005980,S005,1
6179,T0000005981,S005,1
6180,T0000005982,S005,1
6181,T0000005983,S001,1
6182,T0000005984,S004,1
6183,T0000005985,S005,1
6184,T0000005986,S001,2
6185,T0000005987,S001,2
6186,T0000005987,S002,1
6187,T0000005988,S001,2
6188,T0000005989,S001,1
6189,T0000005990,S001,1
6190,T0000005991,S002,1
6191,T0000005992,S005,2
6192,T0000005993,S002,1
6193,T0000005994,S002,1
6194,T0000005995,S005,1
6195,T0000005996,S001,1
6196,T0000005997,S001,1
6197,T0000005998,S001,4
6198,T0000005999,S004,1
6199,T0000006000,S004,1
6200,T0000006001,S003,1
6201,T0000006002,S001,2
6202,T0000006003,S004,1
6203,T0000006004,S005,1
6204,T0000006005,S001,1
6205,T0000006006,S005,1
6206,T0000006007,S001,1
6207,T0000006008,S001,1
6208,T0000006009,S001,2
6209,T0000006010,S002,1
6210,T0000006011,S005,1
6211,T0000006012,S004,1
6212,T0000006013,S005,1
6213,T0000006014,S003,1
6214,T0000006015,S001,1
6215,T0000006016,S001,1
6216,T0000006017,S005,1
6217,T0000006018,S005,1
6218,T0000006019,S001,3
6219,T0000006020,S003,1
6220,T0000006021,S001,1
6221,T0000006022,S003,1
6222,T0000006023,S002,1
6223,T0000006024,S001,2
6224,T0000006025,S001,2
6225,T0000006026,S001,1
6226,T0000006027,S004,1
6227,T0000006028,S005,1
6228,T0000006029,S002,1
6229,T0000006030,S001,1
6230,T0000006031,S001,1
6231,T0000006032,S005,1
6232,T0000006033,S005,1
6233,T0000006034,S005,1
6234,T0000006035,S002,1
6235,T0000006036,S002,1
6236,T0000006037,S001,1
6237,T0000006038,S002,1
6238,T0000006039,S003,1
6239,T0000006040,S002,1
6240,T0000006041,S002,3
6241,T0000006042,S004,1
6242,T0000006043,S005,1
6243,T0000006044,S001,2
6244,T0000006044,S003,1
6245,T0000006045,S004,1
6246,T0000006046,S003,1
6247,T0000006047,S002,1
6248,T0000006048,S002,1
6249,T0000006049,S003,1
6250,T0000006050,S003,1
6251,T0000006050,S001,1
6252,T0000006051,S005,1
6253,T0000006052,S005,1
6254,T0000006053,S001,1
6255,T0000006054,S005,1
6256,T0000006055,S002,1
6257,T0000006056,S002,1
6258,T0000006057,S003,1
6259,T0000006058,S002,1
6260,T0000006059,S001,1
6261,T0000006060,S003,2
6262,T0000006061,S001,1
6263,T0000006062,S001,1
6264,T0000006063,S005,1
6265,T0000006063,S004,1
6266,T0000006063,S002,2
6267,T0000006064,S005,1
6268,T0000006065,S002,2
6269,T0000006066,S001,1
6270,T0000006067,S005,1
6271,T0000006068,S003,2
6272,T0000006069,S003,1
6273,T0000006070,S001,1
6274,T0000006071,S005,1
6275,T0000006072,S002,1
6276,T0000006073,S001,1
6277,T0000006074,S003,1
6278,T0000006075,S003,1
6279,T0000006076,S001,3
6280,T0000006077,S002,1
6281,T0000006078,S002,1
6282,T0000006079,S001,2
6283,T0000006080,S001,1
6284,T0000006081,S003,1
6285,T0000006082,S005,1
6286,T0000006083,S005,1
6287,T0000006084,S004,1
6288,T0000006085,S001,3
6289,T0000006086,S004,1
6290,T0000006087,S001,3
6291,T0000006088,S001,1
6292,T0000006089,S002,1
6293,T0000006090,S003,1
6294,T0000006091,S002,1
6295,T0000006092,S005,1
6296,T0000006093,S005,1
6297,T0000006094,S005,1
6298,T0000006094,S004,1
6299,T0000006095,S002,1
6300,T0000006096,S005,1
6301,T0000006097,S002,1
6302,T0000006098,S002,1
6303,T0000006099,S003,1
6304,T0000006100,S005,1
6305,T0000006101,S001,1
6306,T0000006102,S005,1
6307,T0000006103,S002,2
6308,T0000006104,S001,1
6309,T0000006105,S005,1
6310,T0000006106,S005,1
6311,T0000006107,S005,1
6312,T0000006108,S004,1
6313,T0000006109,S005,1
6314,T0000006110,S002,1
6315,T0000006111,S002,1
6316,T0000006112,S005,2
6317,T0000006113,S001,1
6318,T0000006114,S005,1
6319,T0000006115,S001,1
6320,T0000006116,S005,1
6321,T0000006117,S003,1
6322,T0000006118,S002,1
6323,T0000006119,S002,1
6324,T0000006120,S005,1
6325,T0000006121,S003,1
6326,T0000006122,S001,2
6327,T0000006123,S001,1
6328,T0000006124,S001,1
6329,T0000006125,S003,1
6330,T0000006126,S001,1
6331,T0000006127,S001,1
6332,T0000006128,S005,1
6333,T0000006129,S004,1
6334,T0000006130,S005,1
6335,T0000006131,S002,2
6336,T0000006132,S001,1
6337,T0000006133,S001,2
6338,T0000006134,S005,1
6339,T0000006135,S002,1
6340,T0000006136,S005,1
6341,T0000006137,S005,1
6342,T0000006138,S001,1
6343,T0000006139,S005,1
6344,T0000006140,S004,1
6345,T0000006141,S002,1
6346,T0000006141,S003,1
6347,T0000006142,S005,1
6348,T0000006142,S002,2
6349,T0000006143,S001,1
6350,T0000006144,S004,1
6351,T0000006145,S005,1
6352,T0000006146,S003,1
6353,T0000006147,S002,3
6354,T0000006148,S002,1
6355,T0000006149,S002,1
6356,T0000006150,S002,1
6357,T0000006151,S001,3
6358,T0000006152,S005,1
6359,T0000006153,S001,2
6360,T0000006154,S001,2
6361,T0000006155,S003,1
6362,T0000006156,S002,1
6363,T0000006157,S001,1
6364,T0000006158,S002,1
6365,T0000006159,S001,2
6366,T0000006160,S002,1
6367,T0000006161,S003,1
6368,T0000006162,S002,1
6369,T0000006163,S003,1
6370,T0000006164,S002,2
6371,T0000006165,S005,1
6372,T0000006166,S004,1
6373,T0000006167,S005,1
6374,T0000006168,S002,1
6375,T0000006169,S004,1
6376,T0000006170,S002,1
6377,T0000006171,S005,1
6378,T0000006172,S001,1
6379,T0000006173,S003,1
6380,T0000006174,S005,1
6381,T0000006175,S005,1
6382,T0000006176,S003,1
6383,T0000006177,S003,1
6384,T0000006178,S004,1
6385,T0000006179,S001,1
6386,T0000006180,S002,1
6387,T0000006181,S003,1
6388,T0000006182,S004,1
6389,T0000006183,S001,3
6390,T0000006184,S001,1
6391,T0000006185,S004,1
6392,T0000006186,S001,3
6393,T0000006187,S001,1
6394,T0000006188,S002,1
6395,T0000006189,S002,3
6396,T0000006190,S001,1
6397,T0000006191,S003,1
6398,T0000006192,S001,1
6399,T0000006193,S003,2
6400,T0000006194,S003,1
6401,T0000006195,S001,1
6402,T0000006196,S001,1
6403,T0000006197,S001,1
6404,T0000006198,S001,1
6405,T0000006199,S001,2
6406,T0000006200,S005,1
6407,T0000006201,S001,1
6408,T0000006202,S003,1
6409,T0000006203,S002,1
6410,T0000006204,S004,1
6411,T0000006205,S001,1
6412,T0000006206,S005,1
6413,T0000006207,S002,3
6414,T0000006208,S001,1
6415,T0000006209,S004,1
6416,T0000006210,S005,1
6417,T0000006211,S004,1
6418,T0000006212,S004,1
6419,T0000006213,S004,1
6420,T0000006213,S002,1
6421,T0000006214,S005,1
6422,T0000006215,S001,2
6423,T0000006216,S001,1
6424,T0000006217,S004,1
6425,T0000006218,S005,1
6426,T0000006219,S002,2
6427,T0000006220,S001,2
6428,T0000006221,S005,1
6429,T0000006222,S005,1
6430,T0000006223,S005,2
6431,T0000006224,S005,1
6432,T0000006225,S001,1
6433,T0000006226,S004,1
6434,T0000006227,S001,1
6435,T0000006228,S005,1
6436,T0000006229,S001,1
6437,T0000006230,S001,1
6438,T0000006231,S001,1
6439,T0000006232,S005,1
6440,T0000006232,S001,1
6441,T0000006233,S002,1
6442,T0000006234,S003,1
6443,T0000006235,S001,1
6444,T0000006236,S005,1
6445,T0000006236,S005,1
6446,T0000006237,S001,1
6447,T0000006238,S004,1
6448,T0000006239,S005,1
6449,T0000006240,S001,1
6450,T0000006241,S004,1
6451,T0000006242,S005,1
6452,T0000006243,S002,2
6453,T0000006244,S001,1
6454,T0000006245,S003,1
6455,T0000006246,S001,1
6456,T0000006247,S004,1
6457,T0000006248,S004,1
6458,T0000006249,S004,1
6459,T0000006250,S003,1
6460,T0000006250,S001,1
6461,T0000006251,S002,1
6462,T0000006252,S001,2
6463,T0000006253,S002,2
6464,T0000006254,S001,3
6465,T0000006255,S003,1
6466,T0000006256,S003,1
6467,T0000006257,S002,1
6468,T0000006258,S005,2
6469,T0000006259,S003,2
6470,T0000006260,S001,1
6471,T0000006261,S001,1
6472,T0000006262,S004,1
6473,T0000006263,S005,1
6474,T0000006264,S002,1
6475,T0000006265,S004,1
6476,T0000006266,S005,1
6477,T0000006267,S001,1
6478,T0000006268,S001,1
6479,T0000006269,S001,2
6480,T0000006270,S003,1
6481,T0000006271,S004,1
6482,T0000006272,S003,1
6483,T0000006273,S001,1
6484,T0000006274,S001,1
6485,T0000006275,S004,1
6486,T0000006276,S002,1
6487,T0000006277,S002,1
6488,T0000006278,S001,1
6489,T0000006279,S001,1
6490,T0000006280,S001,1
6491,T0000006281,S001,1
6492,T0000006282,S002,1
6493,T0000006283,S005,1
6494,T0000006284,S002,1
6495,T0000006285,S002,2
6496,T0000006286,S002,2
6497,T0000006287,S004,1
6498,T0000006288,S002,1
6499,T0000006289,S005,1
6500,T0000006290,S005,1
6501,T0000006291,S005,1
6502,T0000006291,S005,1
6503,T0000006292,S005,1
6504,T0000006293,S005,1
6505,T0000006294,S004,1
6506,T0000006294,S003,2
6507,T0000006295,S005,1
6508,T0000006296,S003,1
6509,T0000006297,S005,1
6510,T0000006298,S004,1
6511,T0000006299,S005,1
6512,T0000006300,S005,1
6513,T0000006301,S001,1
6514,T0000006302,S001,2
6515,T0000006303,S002,1
6516,T0000006304,S003,1
6517,T0000006305,S001,1
6518,T0000006306,S004,1
6519,T0000006307,S005,1
6520,T0000006307,S001,2
6521,T0000006308,S001,3
6522,T0000006309,S002,2
6523,T0000006310,S004,1
6524,T0000006311,S001,1
6525,T0000006312,S005,1
6526,T0000006313,S005,1
6527,T0000006314,S001,1
6528,T0000006315,S001,1
6529,T0000006316,S002,1
6530,T0000006317,S003,1
6531,T0000006318,S001,1
6532,T0000006319,S004,1
6533,T0000006320,S001,1
6534,T0000006320,S004,1
6535,T0000006321,S001,1
6536,T0000006322,S003,1
6537,T0000006323,S002,1
6538,T0000006324,S005,1
6539,T0000006325,S001,1
6540,T0000006326,S002,3
6541,T0000006327,S002,1
6542,T0000006328,S005,1
6543,T0000006329,S002,1
6544,T0000006330,S001,2
6545,T0000006331,S001,1
6546,T0000006332,S004,1
6547,T0000006333,S005,1
6548,T0000006334,S002,1
6549,T0000006335,S005,1
6550,T0000006336,S003,1
6551,T0000006337,S001,1
6552,T0000006338,S002,1
6553,T0000006339,S002,1
6554,T0000006340,S002,1
6555,T0000006341,S002,1
6556,T0000006342,S004,1
6557,T0000006343,S005,1
6558,T0000006344,S001,1
6559,T0000006344,S001,1
6560,T0000006345,S001,2
6561,T0000006346,S001,2
6562,T0000006346,S005,1
6563,T0000006347,S001,3
6564,T0000006348,S002,1
6565,T0000006349,S003,1
6566,T0000006350,S001,3
6567,T0000006351,S005,1
6568,T0000006352,S001,1
6569,T0000006353,S005,1
6570,T0000006354,S003,1
6571,T0000006355,S002,1
6572,T0000006356,S004,2
6573,T0000006357,S005,1
6574,T0000006358,S002,1
6575,T0000006359,S005,1
6576,T0000006360,S002,2
6577,T0000006361,S002,1
6578,T0000006362,S001,2
6579,T0000006362,S001,1
6580,T0000006363,S003,1
6581,T0000006363,S001,4
6582,T0000006364,S005,1
6583,T0000006365,S002,1
6584,T0000006366,S001,2
6585,T0000006367,S004,1
6586,T0000006368,S005,1
6587,T0000006369,S005,1
6588,T0000006370,S002,1
6589,T0000006371,S001,3
6590,T0000006372,S003,2
6591,T0000006373,S002,1
6592,T0000006374,S001,1
6593,T0000006375,S003,1
6594,T0000006375,S005,1
6595,T0000006376,S005,1
6596,T0000006377,S004,1
6597,T0000006378,S004,2
6598,T0000006379,S003,1
6599,T0000006380,S005,1
6600,T0000006381,S001,1
6601,T0000006382,S005,1
6602,T0000006383,S001,1
6603,T0000006384,S001,1
6604,T0000006385,S004,1
6605,T0000006386,S004,1
6606,T0000006387,S005,1
6607,T0000006388,S003,1
6608,T0000006389,S005,1
6609,T0000006390,S005,1
6610,T0000006391,S005,1
6611,T0000006392,S001,3
6612,T0000006393,S004,2
6613,T0000006394,S002,1
6614,T0000006395,S002,2
6615,T0000006396,S005,1
6616,T0000006397,S001,2
6617,T0000006397,S002,1
6618,T0000006398,S005,1
6619,T0000006398,S002,1
6620,T0000006399,S004,1
6621,T0000006400,S002,3
6622,T0000006401,S005,1
6623,T0000006402,S002,1
6624,T0000006403,S003,1
6625,T0000006404,S003,1
6626,T0000006404,S001,1
6627,T0000006405,S005,1
6628,T0000006406,S005,1
6629,T0000006407,S004,1
6630,T0000006408,S001,1
6631,T0000006409,S003,1
6632,T0000006410,S001,1
6633,T0000006411,S001,3
6634,T0000006412,S001,1
6635,T0000006413,S002,1
6636,T0000006414,S005,1
6637,T0000006415,S001,1
6638,T0000006416,S005,1
6639,T0000006417,S001,1
6640,T0000006418,S005,1
6641,T0000006419,S001,1
6642,T0000006420,S002,2
6643,T0000006421,S003,1
6644,T0000006422,S005,1
6645,T0000006423,S001,1
6646,T0000006424,S001,1
6647,T0000006425,S005,1
6648,T0000006426,S005,1
6649,T0000006427,S002,1
6650,T0000006428,S002,1
6651,T0000006429,S003,1
6652,T0000006430,S005,1
6653,T0000006431,S004,1
6654,T0000006432,S002,1
6655,T0000006433,S002,1
6656,T0000006434,S003,1
6657,T0000006435,S005,1
6658,T0000006436,S002,1
6659,T0000006437,S001,1
6660,T0000006438,S004,1
6661,T0000006439,S005,1
6662,T0000006440,S002,1
6663,T0000006441,S003,1
6664,T0000006442,S001,1
6665,T0000006443,S005,1
6666,T0000006444,S002,1
6667,T0000006445,S002,1
6668,T0000006446,S004,1
6669,T0000006447,S002,1
6670,T0000006448,S005,1
6671,T0000006449,S001,1
6672,T0000006450,S005,1
6673,T0000006451,S003,1
6674,T0000006451,S002,1
6675,T0000006452,S003,2
6676,T0000006453,S005,1
6677,T0000006454,S005,1
6678,T0000006455,S005,1
6679,T0000006456,S001,1
6680,T0000006457,S003,1
6681,T0000006458,S005,1
6682,T0000006459,S005,1
6683,T0000006460,S001,1
6684,T0000006461,S005,1
6685,T0000006462,S005,1
6686,T0000006462,S001,1
6687,T0000006463,S001,3
6688,T0000006464,S001,2
6689,T0000006465,S003,1
6690,T0000006466,S001,1
6691,T0000006467,S001,2
6692,T0000006468,S001,2
6693,T0000006469,S005,1
6694,T0000006470,S004,1
6695,T0000006471,S001,1
6696,T0000006472,S003,1
6697,T0000006473,S003,1
6698,T0000006473,S005,1
6699,T0000006474,S001,2
6700,T0000006475,S005,1
6701,T0000006476,S001,4
6702,T0000006477,S005,1
6703,T0000006478,S002,1
6704,T0000006479,S005,1
6705,T0000006480,S002,2
6706,T0000006481,S001,1
6707,T0000006482,S002,1
6708,T0000006483,S001,1
6709,T0000006484,S001,1
6710,T0000006485,S001,2
6711,T0000006486,S001,2
6712,T0000006487,S003,1
6713,T0000006488,S003,1
6714,T0000006489,S001,1
6715,T0000006490,S005,1
6716,T0000006491,S002,2
6717,T0000006492,S004,1
6718,T0000006493,S004,1
6719,T0000006494,S001,1
6720,T0000006495,S002,1
6721,T0000006496,S002,2
6722,T0000006497,S004,1
6723,T0000006498,S005,1
6724,T0000006499,S001,1
6725,T0000006499,S005,1
6726,T0000006500,S002,1
6727,T0000006500,S003,2
6728,T0000006501,S005,1
6729,T0000006502,S001,1
6730,T0000006503,S004,1
6731,T0000006504,S005,1
6732,T0000006505,S002,1
6733,T0000006506,S002,1
6734,T0000006507,S005,1
6735,T0000006508,S005,1
6736,T0000006509,S001,1
6737,T0000006510,S003,1
6738,T0000006511,S001,1
6739,T0000006512,S001,1
6740,T0000006513,S004,2
6741,T0000006514,S005,1
6742,T0000006515,S002,2
6743,T0000006516,S001,1
6744,T0000006517,S004,1
6745,T0000006518,S005,1
6746,T0000006519,S004,1
6747,T0000006520,S001,1
6748,T0000006521,S004,1
6749,T0000006522,S001,1
6750,T0000006523,S002,1
6751,T0000006524,S002,1
6752,T0000006525,S001,2
6753,T0000006526,S004,1
6754,T0000006527,S005,1
6755,T0000006528,S002,1
6756,T0000006529,S001,1
6757,T0000006530,S005,1
6758,T0000006531,S004,1
6759,T0000006532,S002,1
6760,T0000006533,S001,1
6761,T0000006534,S004,1
6762,T0000006535,S002,1
6763,T0000006536,S005,1
6764,T0000006537,S002,1
6765,T0000006537,S004,1
6766,T0000006538,S001,1
6767,T0000006539,S003,1
6768,T0000006540,S001,1
6769,T0000006541,S001,1
6770,T0000006542,S004,1
6771,T0000006543,S001,1
6772,T0000006544,S001,1
6773,T0000006545,S005,1
6774,T0000006546,S001,1
6775,T0000006547,S003,1
6776,T0000006548,S005,1
6777,T0000006549,S005,1
6778,T0000006550,S001,1
6779,T0000006551,S003,1
6780,T0000006552,S001,1
6781,T0000006553,S005,1
6782,T0000006554,S005,1
6783,T0000006555,S002,1
6784,T0000006556,S003,1
6785,T0000006557,S003,1
6786,T0000006558,S001,1
6787,T0000006559,S005,1
6788,T0000006560,S005,1
6789,T0000006561,S004,1
6790,T0000006562,S001,1
6791,T0000006563,S004,1
6792,T0000006564,S005,1
6793,T0000006565,S001,1
6794,T0000006566,S003,1
6795,T0000006567,S001,1
6796,T0000006568,S003,1
6797,T0000006569,S002,2
6798,T0000006570,S003,1
6799,T0000006571,S003,1
6800,T0000006572,S005,1
6801,T0000006573,S002,2
6802,T0000006574,S005,1
6803,T0000006575,S003,1
6804,T0000006576,S005,1
6805,T0000006577,S002,1
6806,T0000006578,S004,1
6807,T0000006579,S004,1
6808,T0000006580,S001,1
6809,T0000006581,S005,1
6810,T0000006582,S005,1
6811,T0000006583,S002,1
6812,T0000006584,S004,1
6813,T0000006585,S005,1
6814,T0000006586,S003,1
6815,T0000006587,S005,1
6816,T0000006588,S001,1
6817,T0000006589,S002,2
6818,T0000006590,S001,2
6819,T0000006591,S004,1
6820,T0000006592,S005,1
6821,T0000006593,S002,1
6822,T0000006593,S001,1
6823,T0000006594,S003,2
6824,T0000006595,S001,2
6825,T0000006596,S003,1
6826,T0000006597,S002,1
6827,T0000006598,S005,1
6828,T0000006599,S001,1
6829,T0000006600,S002,2
6830,T0000006601,S005,1
6831,T0000006602,S005,1
6832,T0000006603,S001,1
6833,T0000006604,S002,1
6834,T0000006605,S005,1
6835,T0000006606,S002,1
6836,T0000006607,S001,1
6837,T0000006608,S005,1
6838,T0000006609,S005,1
6839,T0000006610,S005,1
6840,T0000006611,S001,1
6841,T0000006612,S001,1
6842,T0000006613,S005,1
6843,T0000006614,S001,1
6844,T0000006615,S001,2
6845,T0000006616,S005,1
6846,T0000006617,S004,1
6847,T0000006618,S005,1
6848,T0000006618,S005,1
6849,T0000006619,S005,1
6850,T0000006620,S004,1
6851,T0000006620,S005,1
6852,T0000006621,S002,1
6853,T0000006622,S002,1
6854,T0000006623,S004,1
6855,T0000006624,S002,1
6856,T0000006625,S004,1
6857,T0000006626,S001,1
6858,T0000006627,S001,1
6859,T0000006628,S004,1
6860,T0000006629,S003,1
6861,T0000006630,S002,2
6862,T0000006631,S001,2
6863,T0000006632,S001,2
6864,T0000006633,S005,1
6865,T0000006634,S001,1
6866,T0000006635,S003,1
6867,T0000006636,S003,1
6868,T0000006637,S001,4
6869,T0000006638,S002,2
6870,T0000006639,S001,1
6871,T0000006640,S002,1
6872,T0000006641,S005,1
6873,T0000006642,S002,1
6874,T0000006643,S004,1
6875,T0000006644,S001,1
6876,T0000006645,S003,1
6877,T0000006646,S001,1
6878,T0000006647,S002,1
6879,T0000006647,S001,1
6880,T0000006648,S003,1
6881,T0000006649,S005,1
6882,T0000006650,S005,1
6883,T0000006651,S001,1
6884,T0000006652,S005,1
6885,T0000006653,S003,1
6886,T0000006653,S005,1
6887,T0000006654,S001,1
6888,T0000006655,S005,1
6889,T0000006656,S005,1
6890,T0000006657,S005,1
6891,T0000006658,S002,1
6892,T0000006659,S002,1
6893,T0000006659,S003,1
6894,T0000006660,S005,1
6895,T0000006661,S004,1
6896,T0000006662,S005,1
6897,T0000006663,S003,1
6898,T0000006664,S005,1
6899,T0000006665,S001,2
6900,T0000006666,S002,1
6901,T0000006667,S004,1
6902,T0000006668,S002,1
6903,T0000006669,S003,1
6904,T0000006670,S001,1
6905,T0000006671,S001,1
6906,T0000006672,S002,1
6907,T0000006673,S001,2
6908,T0000006674,S005,1
6909,T0000006674,S004,1
6910,T0000006675,S003,1
6911,T0000006676,S002,2
6912,T0000006677,S005,1
6913,T0000006678,S003,1
6914,T0000006679,S001,1
6915,T0000006680,S002,3
6916,T0000006681,S002,1
6917,T0000006682,S005,1
6918,T0000006683,S001,1
6919,T0000006684,S004,1
6920,T0000006685,S001,2
6921,T0000006686,S001,2
6922,T0000006687,S001,1
6923,T0000006688,S002,1
6924,T0000006689,S001,1
6925,T0000006690,S005,1
6926,T0000006691,S005,1
6927,T0000006692,S002,1
6928,T0000006693,S005,1
6929,T0000006694,S001,1
6930,T0000006695,S001,2
6931,T0000006696,S002,1
6932,T0000006697,S005,1
6933,T0000006698,S001,1
6934,T0000006699,S004,1
6935,T0000006700,S002,1
6936,T0000006701,S001,2
6937,T0000006702,S001,1
6938,T0000006703,S001,1
6939,T0000006704,S001,1
6940,T0000006705,S001,1
6941,T0000006706,S002,1
6942,T0000006707,S004,1
6943,T0000006708,S002,1
6944,T0000006709,S001,2
6945,T0000006710,S005,1
6946,T0000006711,S004,1
6947,T0000006712,S001,2
6948,T0000006713,S002,1
6949,T0000006714,S002,3
6950,T0000006715,S002,1
6951,T0000006716,S004,1
6952,T0000006717,S002,1
6953,T0000006718,S004,1
6954,T0000006719,S003,1
6955,T0000006720,S002,1
6956,T0000006721,S001,1
6957,T0000006722,S005,1
6958,T0000006723,S005,1
6959,T0000006724,S001,1
6960,T0000006725,S003,1
6961,T0000006726,S004,1
6962,T0000006726,S002,1
6963,T0000006727,S005,1
6964,T0000006728,S002,1
6965,T0000006729,S005,1
6966,T0000006730,S005,1
6967,T0000006731,S002,2
6968,T0000006732,S001,1
6969,T0000006733,S001,1
6970,T0000006734,S001,1
6971,T0000006735,S005,1
6972,T0000006736,S005,1
6973,T0000006737,S002,1
6974,T0000006738,S002,1
6975,T0000006739,S001,1
6976,T0000006740,S005,1
6977,T0000006741,S005,1
6978,T0000006742,S004,1
6979,T0000006742,S001,1
6980,T0000006743,S005,1
6981,T0000006744,S001,1
6982,T0000006745,S004,1
6983,T0000006745,S005,1
6984,T0000006746,S004,1
6985,T0000006747,S001,1
6986,T0000006748,S005,1
6987,T0000006749,S001,3
6988,T0000006750,S004,1
6989,T0000006751,S003,1
6990,T0000006752,S005,1
6991,T0000006753,S005,1
6992,T0000006754,S005,1
6993,T0000006755,S005,1
6994,T0000006756,S002,1
6995,T0000006757,S003,1
6996,T0000006758,S002,1
6997,T0000006759,S005,1
6998,T0000006760,S005,1
6999,T0000006761,S001,3
7000,T0000006762,S005,1
7001,T0000006762,S005,1
7002,T0000006763,S001,1
7003,T0000006764,S005,1
7004,T0000006765,S005,1
7005,T0000006766,S003,1
7006,T0000006767,S005,1
7007,T0000006768,S005,1
7008,T0000006769,S002,2
7009,T0000006770,S004,1
7010,T0000006771,S004,1
7011,T0000006772,S002,1
7012,T0000006773,S005,1
7013,T0000006774,S005,1
7014,T0000006775,S002,1
7015,T0000006776,S001,1
7016,T0000006777,S002,1
7017,T0000006778,S001,3
7018,T0000006779,S003,2
7019,T0000006780,S001,1
7020,T0000006781,S001,2
7021,T0000006782,S002,1
7022,T0000006783,S001,1
7023,T0000006784,S001,3
7024,T0000006785,S005,1
7025,T0000006786,S003,1
7026,T0000006787,S005,1
7027,T0000006788,S001,1
7028,T0000006789,S003,1
7029,T0000006790,S001,1
7030,T0000006791,S005,1
7031,T0000006791,S005,1
7032,T0000006792,S001,2
7033,T0000006793,S005,1
7034,T0000006794,S001,1
7035,T0000006795,S005,1
7036,T0000006796,S003,2
7037,T0000006797,S002,1
7038,T0000006798,S002,1
7039,T0000006799,S005,1
7040,T0000006800,S002,2
7041,T0000006801,S001,2
7042,T0000006802,S001,1
7043,T0000006803,S003,1
7044,T0000006804,S005,1
7045,T0000006805,S001,1
7046,T0000006806,S005,1
7047,T0000006807,S004,1
7048,T0000006808,S004,1
7049,T0000006809,S005,1
7050,T0000006810,S005,1
7051,T0000006811,S001,1
7052,T0000006812,S004,1
7053,T0000006813,S003,2
7054,T0000006814,S002,1
7055,T0000006815,S003,1
7056,T0000006816,S002,1
7057,T0000006817,S002,1
7058,T0000006818,S001,2
7059,T0000006818,S002,1
7060,T0000006819,S002,1
7061,T0000006820,S005,1
7062,T0000006821,S003,1
7063,T0000006822,S001,1
7064,T0000006823,S005,1
7065,T0000006824,S002,1
7066,T0000006825,S003,1
7067,T0000006826,S005,1
7068,T0000006827,S001,4
7069,T0000006827,S003,1
7070,T0000006828,S003,1
7071,T0000006829,S005,1
7072,T0000006829,S003,1
7073,T0000006830,S004,1
7074,T0000006831,S005,1
7075,T0000006832,S005,1
7076,T0000006833,S002,1
7077,T0000006834,S001,2
7078,T0000006835,S003,2
7079,T0000006836,S005,1
7080,T0000006837,S003,1
7081,T0000006838,S001,1
7082,T0000006839,S002,3
7083,T0000006840,S003,1
7084,T0000006841,S005,1
7085,T0000006842,S001,3
7086,T0000006843,S005,1
7087,T0000006844,S002,1
7088,T0000006845,S001,1
7089,T0000006846,S005,1
7090,T0000006847,S001,1
7091,T0000006848,S002,1
7092,T0000006849,S002,3
7093,T0000006850,S005,1
7094,T0000006851,S002,1
7095,T0000006852,S001,1
7096,T0000006853,S002,1
7097,T0000006854,S001,1
7098,T0000006855,S005,1
7099,T0000006856,S001,1
7100,T0000006857,S004,1
7101,T0000006858,S002,1
7102,T0000006859,S002,2
7103,T0000006860,S001,1
7104,T0000006861,S005,1
7105,T0000006862,S002,1
7106,T0000006863,S001,1
7107,T0000006864,S001,1
7108,T0000006864,S001,1
7109,T0000006865,S001,3
7110,T0000006866,S001,1
7111,T0000006867,S005,1
7112,T0000006868,S002,1
7113,T0000006869,S001,2
7114,T0000006870,S001,3
7115,T0000006871,S004,1
7116,T0000006872,S004,1
7117,T0000006873,S002,1
7118,T0000006874,S005,1
7119,T0000006875,S005,1
7120,T0000006876,S005,1
7121,T0000006877,S002,1
7122,T0000006878,S001,1
7123,T0000006879,S001,2
7124,T0000006880,S002,1
7125,T0000006881,S002,1
7126,T0000006882,S001,4
7127,T0000006883,S002,1
7128,T0000006884,S001,1
7129,T0000006884,S005,1
7130,T0000006885,S002,2
7131,T0000006886,S005,1
7132,T0000006887,S005,1
7133,T0000006888,S005,1
7134,T0000006889,S005,1
7135,T0000006890,S003,1
7136,T0000006891,S001,1
7137,T0000006892,S005,1
7138,T0000006893,S004,1
7139,T0000006894,S004,1
7140,T0000006895,S002,1
7141,T0000006896,S001,2
7142,T0000006897,S002,1
7143,T0000006898,S002,1
