transaction_id,price,payment_date,customer_id
T0000005113,295000,2019-06-15 07:20:27,TS169261
T0000005114,50000,2019-06-15 07:35:47,HI599892
T0000005115,85000,2019-06-15 07:56:36,HI421757
T0000005116,50000,2019-06-15 08:40:55,OA386378
T0000005117,120000,2019-06-15 08:44:23,TS506913
T0000005118,210000,2019-06-15 10:14:11,HI754267
T0000005119,420000,2019-06-15 12:11:39,PL952460
T0000005120,210000,2019-06-15 12:25:34,IK855920
T0000005121,210000,2019-06-15 13:22:35,HD498491
T0000005122,210000,2019-06-15 13:29:29,GD086589
T0000005123,100000,2019-06-15 13:42:00,AS588076
T0000005124,180000,2019-06-15 13:50:28,HD500570
T0000005125,180000,2019-06-15 14:53:31,TS181580
T0000005126,180000,2019-06-15 16:16:44,IK092130
T0000005127,210000,2019-06-15 18:23:35,IK890445
T0000005128,120000,2019-06-15 18:50:48,HD391766
T0000005129,210000,2019-06-15 19:07:50,PL842727
T0000005130,210000,2019-06-15 19:31:42,GD770166
T0000005131,210000,2019-06-15 19:37:54,HD068817
T0000005132,85000,2019-06-15 21:00:42,HD155154
T0000005133,210000,2019-06-15 22:13:18,HI934540
T0000005134,180000,2019-06-15 22:30:40,OA676083
T0000005135,50000,2019-06-15 22:39:13,HD171678
T0000005136,120000,2019-06-15 23:33:38,HI559946
T0000005137,120000,2019-06-16 00:39:57,PL353504
T0000005138,85000,2019-06-16 01:25:35,OA829372
T0000005139,210000,2019-06-16 02:42:55,OA680638
T0000005140,120000,2019-06-16 02:48:45,HI871259
T0000005141,210000,2019-06-16 03:06:38,HD657925
T0000005142,210000,2019-06-16 03:12:11,TS282800
T0000005143,150000,2019-06-16 03:47:44,TS267517
T0000005144,50000,2019-06-16 03:52:33,AS644996
T0000005145,210000,2019-06-16 04:37:27,HD904794
T0000005146,260000,2019-06-16 05:01:29,HI169357
T0000005147,210000,2019-06-16 05:31:44,OA514351
T0000005148,85000,2019-06-16 07:20:07,HI658527
T0000005149,85000,2019-06-16 07:32:16,PL931945
T0000005150,255000,2019-06-16 07:54:01,IK975905
T0000005151,180000,2019-06-16 09:18:08,GD688950
T0000005152,180000,2019-06-16 10:27:31,PL344424
T0000005153,180000,2019-06-16 11:15:30,TS797358
T0000005154,120000,2019-06-16 12:04:29,HD028682
T0000005155,360000,2019-06-16 12:04:47,IK596141
T0000005156,85000,2019-06-16 12:05:31,GD094728
T0000005157,210000,2019-06-16 13:01:26,AS237205
T0000005158,85000,2019-06-16 13:03:33,AS335390
T0000005159,85000,2019-06-16 13:13:27,TS186877
T0000005160,85000,2019-06-16 13:16:43,AS352269
T0000005161,210000,2019-06-16 14:39:53,HI078880
T0000005162,50000,2019-06-16 15:21:51,AS373785
T0000005163,150000,2019-06-16 17:04:08,TS115038
T0000005164,210000,2019-06-16 18:02:44,PL594922
T0000005165,85000,2019-06-16 18:16:18,IK774332
T0000005166,50000,2019-06-16 18:41:29,TS995299
T0000005167,210000,2019-06-16 18:56:34,HD012845
T0000005168,50000,2019-06-16 19:16:01,HI815924
T0000005169,260000,2019-06-16 19:35:57,HI337854
T0000005170,180000,2019-06-16 19:50:09,AS946582
T0000005171,100000,2019-06-16 20:01:43,PL784647
T0000005172,50000,2019-06-16 20:51:22,OA707923
T0000005173,50000,2019-06-16 20:57:48,TS333942
T0000005174,85000,2019-06-16 21:27:26,AS972005
T0000005175,180000,2019-06-16 21:44:25,HD984838
T0000005176,210000,2019-06-16 22:47:52,IK013691
T0000005177,50000,2019-06-17 00:48:49,TS860353
T0000005178,200000,2019-06-17 00:57:53,GD727286
T0000005179,50000,2019-06-17 02:01:22,AS970810
T0000005180,210000,2019-06-17 02:08:14,TS399940
T0000005181,120000,2019-06-17 02:52:57,OA776184
T0000005182,210000,2019-06-17 03:12:55,PL163967
T0000005183,210000,2019-06-17 03:17:18,TS919144
T0000005184,50000,2019-06-17 03:25:40,TS731637
T0000005185,120000,2019-06-17 03:30:43,OA419926
T0000005186,85000,2019-06-17 04:04:15,AS194818
T0000005187,120000,2019-06-17 04:15:06,AS441031
T0000005188,150000,2019-06-17 04:26:57,HD940282
T0000005189,210000,2019-06-17 04:31:39,HI896550
T0000005190,210000,2019-06-17 05:37:45,GD968190
T0000005191,180000,2019-06-17 05:47:37,HD184011
T0000005192,50000,2019-06-17 06:45:25,HD184889
T0000005193,50000,2019-06-17 07:18:35,GD984713
T0000005194,170000,2019-06-17 07:21:47,OA459530
T0000005195,210000,2019-06-17 08:32:05,GD796301
T0000005196,85000,2019-06-17 08:49:29,PL333517
T0000005197,180000,2019-06-17 09:00:04,AS499352
T0000005198,180000,2019-06-17 09:10:40,OA765757
T0000005199,210000,2019-06-17 09:26:17,OA948852
T0000005200,100000,2019-06-17 09:55:36,OA476099
T0000005201,120000,2019-06-17 10:32:17,OA025439
T0000005202,85000,2019-06-17 10:49:33,PL174258
T0000005203,170000,2019-06-17 10:52:41,HI302835
T0000005204,120000,2019-06-17 13:24:56,GD155364
T0000005205,210000,2019-06-17 14:07:51,OA052506
T0000005206,100000,2019-06-17 14:24:24,IK200910
T0000005207,210000,2019-06-17 15:36:21,TS333555
T0000005208,50000,2019-06-17 17:16:23,TS957381
T0000005209,50000,2019-06-17 17:20:37,HI444425
T0000005210,120000,2019-06-17 20:02:11,GD083655
T0000005211,180000,2019-06-17 21:07:26,HD104614
T0000005212,100000,2019-06-17 22:59:13,IK071733
T0000005213,180000,2019-06-18 00:20:22,IK653458
T0000005214,390000,2019-06-18 00:37:14,OA969891
T0000005215,50000,2019-06-18 01:34:58,OA510985
T0000005216,50000,2019-06-18 03:27:56,PL928334
T0000005217,120000,2019-06-18 04:00:46,OA168067
T0000005218,85000,2019-06-18 04:57:45,PL697195
T0000005219,295000,2019-06-18 05:02:31,GD640316
T0000005220,100000,2019-06-18 05:28:43,HD797921
T0000005221,210000,2019-06-18 05:42:07,TS020727
T0000005222,180000,2019-06-18 05:50:07,AS671429
T0000005223,210000,2019-06-18 06:08:11,AS929514
T0000005224,210000,2019-06-18 06:44:31,HI048967
T0000005225,120000,2019-06-18 07:02:25,AS222240
T0000005226,120000,2019-06-18 07:09:32,HD335580
T0000005227,50000,2019-06-18 10:32:16,TS508850
T0000005228,50000,2019-06-18 12:36:55,PL470792
T0000005229,170000,2019-06-18 13:11:05,PL102815
T0000005230,330000,2019-06-18 13:11:43,HI846961
T0000005231,100000,2019-06-18 13:13:06,HI169357
T0000005232,210000,2019-06-18 13:27:06,HD417609
T0000005233,210000,2019-06-18 14:15:49,GD163914
T0000005234,180000,2019-06-18 14:25:19,AS589687
T0000005235,120000,2019-06-18 14:54:37,HD156305
T0000005236,50000,2019-06-18 15:21:54,TS121904
T0000005237,210000,2019-06-18 15:24:24,PL287707
T0000005238,120000,2019-06-18 15:51:41,GD643063
T0000005239,100000,2019-06-18 16:01:53,HD502657
T0000005240,50000,2019-06-18 16:10:36,IK322778
T0000005241,180000,2019-06-18 17:00:49,TS972175
T0000005242,85000,2019-06-18 18:50:00,TS369665
T0000005243,210000,2019-06-18 18:56:04,IK250551
T0000005244,180000,2019-06-18 18:59:08,HI265189
T0000005245,100000,2019-06-18 20:35:04,GD735013
T0000005246,50000,2019-06-18 21:04:10,AS460810
T0000005247,180000,2019-06-18 21:38:02,AS080039
T0000005248,50000,2019-06-18 21:39:37,PL028675
T0000005249,210000,2019-06-18 21:42:05,AS192134
T0000005250,100000,2019-06-18 21:54:44,IK986467
T0000005251,50000,2019-06-18 22:11:50,TS798789
T0000005252,100000,2019-06-18 22:52:30,GD165203
T0000005253,50000,2019-06-18 22:55:21,HD214175
T0000005254,100000,2019-06-18 23:38:10,HI672548
T0000005255,180000,2019-06-18 23:52:50,PL499733
T0000005256,50000,2019-06-19 00:16:41,GD137323
T0000005257,210000,2019-06-19 00:38:26,IK761183
T0000005258,85000,2019-06-19 01:15:36,AS822877
T0000005259,85000,2019-06-19 02:09:55,HD453100
T0000005260,85000,2019-06-19 02:20:19,HI678237
T0000005261,85000,2019-06-19 02:23:45,TS236568
T0000005262,50000,2019-06-19 03:05:08,GD390442
T0000005263,180000,2019-06-19 03:43:49,GD761771
T0000005264,180000,2019-06-19 06:40:16,IK557821
T0000005265,210000,2019-06-19 08:39:15,TS243124
T0000005266,50000,2019-06-19 09:03:54,PL876202
T0000005267,135000,2019-06-19 09:24:43,HD411688
T0000005268,50000,2019-06-19 09:41:24,OA067269
T0000005269,50000,2019-06-19 10:51:53,TS667330
T0000005270,120000,2019-06-19 10:53:47,IK083204
T0000005271,85000,2019-06-19 11:28:51,PL889178
T0000005272,180000,2019-06-19 11:43:35,GD326524
T0000005273,240000,2019-06-19 12:46:31,IK323455
T0000005274,330000,2019-06-19 13:02:54,TS169261
T0000005275,85000,2019-06-19 14:45:45,AS421462
T0000005276,100000,2019-06-19 15:04:55,TS408289
T0000005277,50000,2019-06-19 15:31:16,OA680638
T0000005278,85000,2019-06-19 16:03:41,IK271631
T0000005279,50000,2019-06-19 16:21:01,GD608468
T0000005280,210000,2019-06-19 17:01:11,GD155364
T0000005281,180000,2019-06-19 17:27:41,IK651569
T0000005282,200000,2019-06-19 17:32:47,TS613765
T0000005283,85000,2019-06-19 18:13:59,AS113826
T0000005284,210000,2019-06-19 18:33:57,HI074037
T0000005285,50000,2019-06-19 18:45:46,PL371500
T0000005286,150000,2019-06-19 19:00:34,PL340906
T0000005287,85000,2019-06-19 19:51:06,HD219882
T0000005288,50000,2019-06-19 20:19:32,GD693914
T0000005289,85000,2019-06-19 21:25:32,PL829579
T0000005290,210000,2019-06-19 21:29:28,IK130766
T0000005291,50000,2019-06-19 22:21:03,GD639344
T0000005292,210000,2019-06-19 23:13:00,PL817645
T0000005293,85000,2019-06-20 00:19:45,IK853515
T0000005294,50000,2019-06-20 00:25:59,AS015315
T0000005295,50000,2019-06-20 01:49:35,HD434417
T0000005296,210000,2019-06-20 03:43:56,HI331377
T0000005297,120000,2019-06-20 04:17:09,HD032015
T0000005298,210000,2019-06-20 04:59:18,PL456313
T0000005299,50000,2019-06-20 06:48:36,TS414581
T0000005300,210000,2019-06-20 08:17:58,TS808526
T0000005301,210000,2019-06-20 09:22:05,AS168089
T0000005302,85000,2019-06-20 09:37:22,HI802716
T0000005303,50000,2019-06-20 11:36:19,HI352145
T0000005304,120000,2019-06-20 14:06:26,OA239766
T0000005305,120000,2019-06-20 14:29:41,OA025439
T0000005306,210000,2019-06-20 15:19:13,OA719899
T0000005307,120000,2019-06-20 16:52:41,IK132840
T0000005308,240000,2019-06-20 17:41:30,GD967749
T0000005309,85000,2019-06-20 18:34:35,TS477224
T0000005310,180000,2019-06-20 19:19:22,TS913591
T0000005311,210000,2019-06-20 19:53:07,TS365803
T0000005312,50000,2019-06-20 20:10:28,TS837650
T0000005313,100000,2019-06-20 20:12:33,OA106766
T0000005314,85000,2019-06-20 20:19:42,PL368003
T0000005315,210000,2019-06-20 20:51:57,HI561218
T0000005316,505000,2019-06-20 21:11:58,OA075024
T0000005317,180000,2019-06-20 21:14:21,GD638254
T0000005318,210000,2019-06-20 22:40:21,AS435092
T0000005319,50000,2019-06-20 23:05:45,GD573130
T0000005320,170000,2019-06-20 23:15:46,AS212132
T0000005321,100000,2019-06-21 02:06:09,GD728833
T0000005322,100000,2019-06-21 02:16:21,IK133578
T0000005323,50000,2019-06-21 02:50:16,OA019548
T0000005324,120000,2019-06-21 03:02:31,HI665074
T0000005325,210000,2019-06-21 03:05:37,AS339451
T0000005326,180000,2019-06-21 03:38:01,HD744684
T0000005327,265000,2019-06-21 04:13:51,OA232392
T0000005328,50000,2019-06-21 06:04:08,OA820321
T0000005329,50000,2019-06-21 06:06:16,AS708113
T0000005330,210000,2019-06-21 06:41:19,TS717160
T0000005331,180000,2019-06-21 07:08:06,OA462037
T0000005332,120000,2019-06-21 07:15:03,OA116423
T0000005333,210000,2019-06-21 08:27:02,AS055680
T0000005334,170000,2019-06-21 08:44:28,HD619719
T0000005335,540000,2019-06-21 10:24:00,AS473535
T0000005336,570000,2019-06-21 11:17:11,PL396593
T0000005337,50000,2019-06-21 11:29:12,PL901751
T0000005338,150000,2019-06-21 11:49:01,AS215309
T0000005339,50000,2019-06-21 11:49:49,IK617484
T0000005340,210000,2019-06-21 12:04:45,AS970810
T0000005341,200000,2019-06-21 12:28:56,TS925945
T0000005342,200000,2019-06-21 13:29:38,OA590881
T0000005343,120000,2019-06-21 13:34:13,HI680854
T0000005344,210000,2019-06-21 14:22:19,AS548544
T0000005345,85000,2019-06-21 14:29:31,HI101829
T0000005346,85000,2019-06-21 14:34:18,TS419694
T0000005347,180000,2019-06-21 14:34:32,AS494168
T0000005348,150000,2019-06-21 15:34:12,HI939855
T0000005349,50000,2019-06-21 17:15:09,PL928577
T0000005350,100000,2019-06-21 17:20:14,OA252665
T0000005351,210000,2019-06-21 18:22:53,HI969840
T0000005352,210000,2019-06-21 19:18:07,HD471103
T0000005353,210000,2019-06-21 19:20:35,IK040751
T0000005354,85000,2019-06-21 19:47:53,PL881347
T0000005355,85000,2019-06-21 22:05:15,HI748457
T0000005356,85000,2019-06-21 22:41:41,HD074404
T0000005357,180000,2019-06-21 22:51:39,OA103624
T0000005358,210000,2019-06-21 23:19:09,IK613660
T0000005359,85000,2019-06-21 23:39:58,IK825670
T0000005360,210000,2019-06-22 00:01:07,GD098828
T0000005361,50000,2019-06-22 00:26:12,TS519969
T0000005362,50000,2019-06-22 00:59:34,AS647421
T0000005363,180000,2019-06-22 02:03:30,OA497830
T0000005364,180000,2019-06-22 03:35:16,HD580454
T0000005365,85000,2019-06-22 03:50:26,IK163905
T0000005366,50000,2019-06-22 04:16:00,TS508850
T0000005367,360000,2019-06-22 04:25:35,HD378274
T0000005368,210000,2019-06-22 05:34:28,HD084175
T0000005369,210000,2019-06-22 05:50:54,GD283718
T0000005370,210000,2019-06-22 06:53:55,OA512978
T0000005371,50000,2019-06-22 07:08:56,IK364005
T0000005372,120000,2019-06-22 07:19:45,IK559596
T0000005373,50000,2019-06-22 07:32:13,OA591930
T0000005374,150000,2019-06-22 08:59:13,TS935837
T0000005375,85000,2019-06-22 09:03:34,PL650353
T0000005376,210000,2019-06-22 10:25:53,TS721551
T0000005377,85000,2019-06-22 10:30:06,AS030404
T0000005378,85000,2019-06-22 10:35:04,IK686461
T0000005379,50000,2019-06-22 10:39:09,HD253398
T0000005380,210000,2019-06-22 11:10:12,PL995866
T0000005381,120000,2019-06-22 11:53:30,AS383234
T0000005382,50000,2019-06-22 11:56:45,GD030141
T0000005383,260000,2019-06-22 14:09:20,AS105107
T0000005384,170000,2019-06-22 14:11:40,TS035648
T0000005385,210000,2019-06-22 14:20:20,GD277267
T0000005386,210000,2019-06-22 14:25:52,PL980829
T0000005387,210000,2019-06-22 14:41:21,PL433500
T0000005388,210000,2019-06-22 15:27:15,AS108195
T0000005389,85000,2019-06-22 17:19:47,PL635475
T0000005390,410000,2019-06-22 18:14:04,AS771185
T0000005391,85000,2019-06-22 18:32:00,AS926099
T0000005392,210000,2019-06-22 18:54:16,TS753499
T0000005393,50000,2019-06-22 18:57:11,AS220894
T0000005394,50000,2019-06-22 19:35:12,AS925147
T0000005395,210000,2019-06-22 19:38:41,OA368057
T0000005396,210000,2019-06-22 19:54:03,GD192169
T0000005397,85000,2019-06-22 20:03:39,IK743897
T0000005398,85000,2019-06-22 21:11:16,AS840069
T0000005399,360000,2019-06-22 21:19:11,PL309891
T0000005400,210000,2019-06-22 21:34:50,HI375298
T0000005401,135000,2019-06-22 22:16:05,TS007439
T0000005402,120000,2019-06-23 00:46:59,IK341016
T0000005403,180000,2019-06-23 01:31:44,AS275753
T0000005404,210000,2019-06-23 03:22:50,IK699204
T0000005405,210000,2019-06-23 03:26:19,OA252665
T0000005406,85000,2019-06-23 04:29:39,IK241354
T0000005407,85000,2019-06-23 04:48:41,TS356315
T0000005408,85000,2019-06-23 04:50:39,HI904723
T0000005409,85000,2019-06-23 05:26:51,IK785510
T0000005410,50000,2019-06-23 08:08:47,HD639099
T0000005411,85000,2019-06-23 09:01:35,AS460655
T0000005412,210000,2019-06-23 11:14:07,IK107909
T0000005413,210000,2019-06-23 11:36:19,AS929514
T0000005414,50000,2019-06-23 12:06:32,TS098760
T0000005415,210000,2019-06-23 12:08:31,OA316605
T0000005416,180000,2019-06-23 12:14:14,OA386824
T0000005417,210000,2019-06-23 12:19:16,OA725438
T0000005418,150000,2019-06-23 12:36:07,TS884681
T0000005419,50000,2019-06-23 14:20:18,OA607825
T0000005420,210000,2019-06-23 14:41:12,HI506119
T0000005421,85000,2019-06-23 15:01:55,OA057829
T0000005422,120000,2019-06-23 16:21:42,PL242307
T0000005423,100000,2019-06-23 17:03:40,HI978950
T0000005424,240000,2019-06-23 18:50:30,TS372874
T0000005425,180000,2019-06-23 19:00:06,AS670699
T0000005426,120000,2019-06-23 19:39:42,PL995085
T0000005427,180000,2019-06-23 19:43:16,TS805246
T0000005428,120000,2019-06-23 21:57:51,OA930488
T0000005429,85000,2019-06-23 22:13:40,TS569600
T0000005430,120000,2019-06-23 22:17:08,AS210846
T0000005431,50000,2019-06-23 22:32:47,AS450151
T0000005432,120000,2019-06-23 22:49:56,HD472114
T0000005433,50000,2019-06-23 23:08:49,TS369665
T0000005434,230000,2019-06-23 23:43:52,OA768446
T0000005435,210000,2019-06-24 01:17:12,IK951311
T0000005436,170000,2019-06-24 01:52:51,OA476099
T0000005437,210000,2019-06-24 02:58:50,HI374524
T0000005438,50000,2019-06-24 02:59:37,HI949100
T0000005439,85000,2019-06-24 03:00:47,TS133757
T0000005440,50000,2019-06-24 03:01:03,TS408289
T0000005441,120000,2019-06-24 04:32:02,IK357689
T0000005442,210000,2019-06-24 04:49:05,OA103150
T0000005443,85000,2019-06-24 05:07:23,OA368057
T0000005444,100000,2019-06-24 06:01:58,TS624020
T0000005445,180000,2019-06-24 06:24:45,HI886725
T0000005446,150000,2019-06-24 06:34:32,GD518115
T0000005447,85000,2019-06-24 08:42:05,HD293897
T0000005448,85000,2019-06-24 09:03:19,PL407755
T0000005449,210000,2019-06-24 09:37:21,TS034873
T0000005450,210000,2019-06-24 09:41:17,HI864224
T0000005451,210000,2019-06-24 09:46:06,IK943660
T0000005452,50000,2019-06-24 10:04:42,HI755349
T0000005453,50000,2019-06-24 11:18:24,PL195594
T0000005454,120000,2019-06-24 11:27:10,OA441503
T0000005455,210000,2019-06-24 11:34:42,HI493527
T0000005456,210000,2019-06-24 12:24:32,IK096992
T0000005457,210000,2019-06-24 13:01:07,HD571515
T0000005458,420000,2019-06-24 13:23:40,AS742617
T0000005459,150000,2019-06-24 13:44:00,IK572153
T0000005460,180000,2019-06-24 13:56:04,IK452215
T0000005461,120000,2019-06-24 13:59:15,PL411913
T0000005462,240000,2019-06-24 14:11:27,HI900494
T0000005463,85000,2019-06-24 14:21:16,AS441031
T0000005464,180000,2019-06-24 14:24:30,AS271899
T0000005465,180000,2019-06-24 16:51:10,TS242084
T0000005466,50000,2019-06-24 17:18:17,PL907890
T0000005467,180000,2019-06-24 17:35:32,GD210507
T0000005468,170000,2019-06-24 18:48:37,IK552816
T0000005469,120000,2019-06-24 19:53:44,HI139822
T0000005470,85000,2019-06-24 20:11:42,AS399435
T0000005471,120000,2019-06-24 20:17:29,OA214272
T0000005472,180000,2019-06-24 20:19:56,OA599018
T0000005473,50000,2019-06-24 21:09:21,AS587750
T0000005474,210000,2019-06-24 22:00:24,AS712913
T0000005475,210000,2019-06-24 23:47:29,GD109842
T0000005476,435000,2019-06-25 00:05:23,HD861345
T0000005477,50000,2019-06-25 00:15:47,PL617565
T0000005478,240000,2019-06-25 01:03:37,IK518694
T0000005479,180000,2019-06-25 01:08:21,HI969840
T0000005480,100000,2019-06-25 02:13:19,AS077151
T0000005481,85000,2019-06-25 03:16:27,HD402002
T0000005482,210000,2019-06-25 03:23:04,TS982817
T0000005483,50000,2019-06-25 05:03:05,PL744590
T0000005484,390000,2019-06-25 05:08:45,HD565792
T0000005485,120000,2019-06-25 06:24:35,TS682265
T0000005486,420000,2019-06-25 06:38:45,PL036627
T0000005487,50000,2019-06-25 07:07:42,TS130392
T0000005488,120000,2019-06-25 08:19:33,IK638789
T0000005489,100000,2019-06-25 08:40:00,AS918754
T0000005490,120000,2019-06-25 09:13:14,HI109765
T0000005491,210000,2019-06-25 11:07:57,OA764380
T0000005492,85000,2019-06-25 11:29:11,IK055692
T0000005493,85000,2019-06-25 12:27:29,GD155364
T0000005494,210000,2019-06-25 12:44:34,HI265546
T0000005495,120000,2019-06-25 13:38:10,OA018910
T0000005496,120000,2019-06-25 13:51:57,GD991251
T0000005497,50000,2019-06-25 14:01:41,PL351450
T0000005498,85000,2019-06-25 14:25:47,PL057547
T0000005499,200000,2019-06-25 15:07:16,PL425556
T0000005500,310000,2019-06-25 15:56:54,IK943660
T0000005501,210000,2019-06-25 16:08:48,HD006808
T0000005502,210000,2019-06-25 16:38:29,IK466573
T0000005503,50000,2019-06-25 16:58:59,TS906632
T0000005504,85000,2019-06-25 17:19:34,HI764799
T0000005505,200000,2019-06-25 17:45:52,HD824079
T0000005506,210000,2019-06-25 18:31:10,GD026761
T0000005507,100000,2019-06-25 19:27:04,TS385275
T0000005508,180000,2019-06-25 20:10:01,IK364005
T0000005509,50000,2019-06-25 20:52:13,PL332864
T0000005510,300000,2019-06-25 21:07:21,AS115149
T0000005511,50000,2019-06-25 21:33:44,HD559223
T0000005512,210000,2019-06-25 21:47:52,AS618299
T0000005513,85000,2019-06-25 22:17:53,HD823059
T0000005514,150000,2019-06-25 22:27:43,PL309891
T0000005515,50000,2019-06-25 22:32:42,OA917517
T0000005516,210000,2019-06-25 23:51:56,OA237366
T0000005517,210000,2019-06-25 23:56:04,IK876176
T0000005518,210000,2019-06-26 00:09:16,IK511263
T0000005519,170000,2019-06-26 00:30:41,OA020755
T0000005520,210000,2019-06-26 00:45:52,AS113826
T0000005521,100000,2019-06-26 01:20:50,PL995866
T0000005522,180000,2019-06-26 02:04:05,PL279584
T0000005523,120000,2019-06-26 02:36:41,TS731637
T0000005524,120000,2019-06-26 03:35:48,PL577070
T0000005525,120000,2019-06-26 03:38:13,AS251169
T0000005526,100000,2019-06-26 03:42:36,PL407755
T0000005527,85000,2019-06-26 04:34:57,PL690532
T0000005528,50000,2019-06-26 04:52:32,GD665518
T0000005529,85000,2019-06-26 05:50:43,AS700549
T0000005530,120000,2019-06-26 07:05:07,IK633711
T0000005531,180000,2019-06-26 07:30:46,PL982189
T0000005532,120000,2019-06-26 07:53:17,OA828946
T0000005533,150000,2019-06-26 09:01:13,HD068817
T0000005534,210000,2019-06-26 09:32:56,TS837282
T0000005535,50000,2019-06-26 12:15:42,HI929904
T0000005536,210000,2019-06-26 12:17:30,AS111667
T0000005537,170000,2019-06-26 13:13:42,OA781562
T0000005538,120000,2019-06-26 13:40:29,PL647280
T0000005539,210000,2019-06-26 14:30:31,IK795481
T0000005540,210000,2019-06-26 15:09:55,PL136393
T0000005541,210000,2019-06-26 15:24:33,GD804357
T0000005542,420000,2019-06-26 16:19:14,PL870239
T0000005543,210000,2019-06-26 16:25:25,HD348931
T0000005544,50000,2019-06-26 17:14:35,TS717899
T0000005545,210000,2019-06-26 17:27:49,TS357226
T0000005546,50000,2019-06-26 17:53:56,OA770978
T0000005547,85000,2019-06-26 18:21:20,OA041099
T0000005548,85000,2019-06-26 18:50:54,OA955085
T0000005549,50000,2019-06-26 19:41:45,HD437482
T0000005550,120000,2019-06-26 21:03:33,PL215752
T0000005551,100000,2019-06-26 21:46:22,PL695626
T0000005552,180000,2019-06-26 22:03:53,PL826676
T0000005553,50000,2019-06-26 22:03:56,HI949100
T0000005554,180000,2019-06-26 22:14:15,HD823059
T0000005555,150000,2019-06-26 23:20:42,IK299335
T0000005556,85000,2019-06-26 23:45:06,HI288209
T0000005557,120000,2019-06-27 01:13:33,HI844112
T0000005558,100000,2019-06-27 01:42:18,GD370248
T0000005559,240000,2019-06-27 03:00:19,OA507872
T0000005560,120000,2019-06-27 03:03:20,HD544869
T0000005561,120000,2019-06-27 03:48:54,IK274884
T0000005562,170000,2019-06-27 03:50:31,IK759414
T0000005563,150000,2019-06-27 03:51:59,AS822877
T0000005564,85000,2019-06-27 04:45:37,PL215097
T0000005565,210000,2019-06-27 05:50:48,IK205407
T0000005566,180000,2019-06-27 05:54:50,HD269790
T0000005567,265000,2019-06-27 06:06:37,HD101700
T0000005568,50000,2019-06-27 08:28:08,PL344424
T0000005569,120000,2019-06-27 08:29:50,HD251544
T0000005570,180000,2019-06-27 09:55:45,HI601096
T0000005571,210000,2019-06-27 09:58:41,AS466656
T0000005572,50000,2019-06-27 10:24:15,GD150760
T0000005573,180000,2019-06-27 11:09:43,HD864513
T0000005574,50000,2019-06-27 11:29:07,OA567188
T0000005575,180000,2019-06-27 13:37:49,HI060699
T0000005576,85000,2019-06-27 14:17:06,IK013691
T0000005577,85000,2019-06-27 14:33:22,PL351450
T0000005578,100000,2019-06-27 14:36:38,OA514276
T0000005579,120000,2019-06-27 15:31:27,HD864513
T0000005580,170000,2019-06-27 15:59:29,IK929378
T0000005581,85000,2019-06-27 16:19:31,HI312309
T0000005582,50000,2019-06-27 16:24:06,HI487042
T0000005583,170000,2019-06-27 16:46:32,GD893916
T0000005584,50000,2019-06-27 16:59:03,TS236568
T0000005585,240000,2019-06-27 17:03:52,HD992446
T0000005586,50000,2019-06-27 18:12:20,PL287707
T0000005587,85000,2019-06-27 18:29:04,PL765022
T0000005588,210000,2019-06-27 18:29:48,HD666225
T0000005589,100000,2019-06-27 19:09:46,OA695959
T0000005590,120000,2019-06-27 19:10:32,GD725119
T0000005591,210000,2019-06-27 20:09:52,AS506797
T0000005592,120000,2019-06-27 20:35:44,HI302835
T0000005593,85000,2019-06-27 21:04:05,IK612587
T0000005594,210000,2019-06-27 21:19:56,GD915723
T0000005595,100000,2019-06-27 22:50:27,GD029189
T0000005596,120000,2019-06-27 22:57:17,TS810276
T0000005597,120000,2019-06-27 23:05:39,IK051737
T0000005598,320000,2019-06-28 00:51:35,HD502728
T0000005599,170000,2019-06-28 00:52:55,OA986148
T0000005600,120000,2019-06-28 01:14:12,HI780815
T0000005601,150000,2019-06-28 02:43:19,TS420499
T0000005602,85000,2019-06-28 02:52:49,TS969622
T0000005603,85000,2019-06-28 03:13:22,HD671982
T0000005604,210000,2019-06-28 04:15:13,HD438863
T0000005605,120000,2019-06-28 05:03:18,HI826338
T0000005606,180000,2019-06-28 06:16:20,IK629720
T0000005607,50000,2019-06-28 06:19:29,TS068752
T0000005608,170000,2019-06-28 06:26:59,GD489678
T0000005609,50000,2019-06-28 07:04:31,OA955085
T0000005610,210000,2019-06-28 07:06:25,PL325020
T0000005611,180000,2019-06-28 07:12:44,PL891875
T0000005612,50000,2019-06-28 07:53:05,IK544197
T0000005613,120000,2019-06-28 07:56:12,OA917468
T0000005614,210000,2019-06-28 08:52:09,PL980829
T0000005615,180000,2019-06-28 09:22:32,OA653324
T0000005616,50000,2019-06-28 09:39:12,AS844339
T0000005617,180000,2019-06-28 10:29:40,OA698422
T0000005618,50000,2019-06-28 11:46:11,IK850378
T0000005619,210000,2019-06-28 12:11:36,OA510985
T0000005620,170000,2019-06-28 12:48:11,TS797358
T0000005621,210000,2019-06-28 12:55:45,PL417119
T0000005622,180000,2019-06-28 13:02:13,IK603991
T0000005623,240000,2019-06-28 13:50:36,TS554434
T0000005624,180000,2019-06-28 13:55:09,HD769845
T0000005625,210000,2019-06-28 14:45:09,PL471011
T0000005626,300000,2019-06-28 15:18:07,PL823122
T0000005627,50000,2019-06-28 16:26:25,GD911056
T0000005628,85000,2019-06-28 16:31:53,PL759951
T0000005629,120000,2019-06-28 16:47:45,HI092194
T0000005630,85000,2019-06-28 16:49:18,GD957280
T0000005631,210000,2019-06-28 17:11:19,HI450290
T0000005632,210000,2019-06-28 18:46:22,PL447530
T0000005633,100000,2019-06-28 19:41:45,OA829464
T0000005634,210000,2019-06-28 20:54:04,GD350549
T0000005635,50000,2019-06-28 21:14:26,OA316605
T0000005636,210000,2019-06-28 22:03:56,OA803393
T0000005637,85000,2019-06-28 22:30:04,OA401352
T0000005638,240000,2019-06-28 22:37:20,OA252665
T0000005639,85000,2019-06-28 22:39:29,IK251979
T0000005640,180000,2019-06-29 00:30:48,PL776592
T0000005641,120000,2019-06-29 01:15:32,OA273247
T0000005642,120000,2019-06-29 01:17:49,PL456313
T0000005643,50000,2019-06-29 01:23:08,HD076496
T0000005644,50000,2019-06-29 02:56:08,AS112674
T0000005645,50000,2019-06-29 03:12:03,PL881347
T0000005646,120000,2019-06-29 03:54:37,TS414581
T0000005647,210000,2019-06-29 05:10:57,TS838496
T0000005648,180000,2019-06-29 06:21:36,TS667330
T0000005649,50000,2019-06-29 07:36:25,PL964421
T0000005650,50000,2019-06-29 08:07:21,PL083738
T0000005651,180000,2019-06-29 08:51:22,HD661448
T0000005652,50000,2019-06-29 09:15:04,HI599889
T0000005653,170000,2019-06-29 10:13:01,OA506453
T0000005654,120000,2019-06-29 10:14:32,HD992446
T0000005655,210000,2019-06-29 10:48:50,GD064521
T0000005656,120000,2019-06-29 11:04:11,IK292139
T0000005657,210000,2019-06-29 11:13:17,HI879414
T0000005658,210000,2019-06-29 11:19:03,HD052466
T0000005659,180000,2019-06-29 11:57:40,PL950758
T0000005660,50000,2019-06-29 12:35:08,TS298879
T0000005661,120000,2019-06-29 12:48:40,GD665518
T0000005662,210000,2019-06-29 13:19:47,AS501123
T0000005663,210000,2019-06-29 13:22:22,TS568764
T0000005664,85000,2019-06-29 15:20:42,IK453330
T0000005665,210000,2019-06-29 16:26:26,HI994221
T0000005666,120000,2019-06-29 16:30:01,PL615581
T0000005667,170000,2019-06-29 16:30:33,AS771307
T0000005668,210000,2019-06-29 17:09:21,OA012423
T0000005669,150000,2019-06-29 17:47:07,IK631448
T0000005670,170000,2019-06-29 17:51:54,IK641262
T0000005671,150000,2019-06-29 18:22:35,TS179639
T0000005672,100000,2019-06-29 19:28:08,GD326524
T0000005673,210000,2019-06-29 19:31:04,AS345508
T0000005674,210000,2019-06-29 20:18:00,GD138948
T0000005675,180000,2019-06-29 21:20:41,HI926999
T0000005676,50000,2019-06-29 21:34:47,PL325020
T0000005677,100000,2019-06-29 22:46:34,HD666936
T0000005678,85000,2019-06-30 00:31:06,AS603613
T0000005679,100000,2019-06-30 01:14:20,AS972005
T0000005680,85000,2019-06-30 01:30:04,TS246098
T0000005681,120000,2019-06-30 01:30:52,AS875048
T0000005682,100000,2019-06-30 01:41:18,HD194702
T0000005683,120000,2019-06-30 02:23:09,PL666557
T0000005684,390000,2019-06-30 02:36:36,TS085215
T0000005685,85000,2019-06-30 04:23:53,HD048025
T0000005686,210000,2019-06-30 04:25:55,GD081993
T0000005687,85000,2019-06-30 04:33:14,PL320453
T0000005688,100000,2019-06-30 05:40:26,PL964230
T0000005689,85000,2019-06-30 05:54:04,AS366153
T0000005690,85000,2019-06-30 06:51:36,PL046622
T0000005691,295000,2019-06-30 07:14:40,TS321426
T0000005692,50000,2019-06-30 07:21:23,PL877142
T0000005693,210000,2019-06-30 07:33:08,IK569155
T0000005694,240000,2019-06-30 08:14:56,TS490052
T0000005695,255000,2019-06-30 09:50:41,HI227285
T0000005696,210000,2019-06-30 11:15:14,PL433500
T0000005697,85000,2019-06-30 12:07:14,PL174258
T0000005698,255000,2019-06-30 12:41:58,HI078880
T0000005699,180000,2019-06-30 13:18:58,OA834676
T0000005700,360000,2019-06-30 13:21:05,OA143589
T0000005701,100000,2019-06-30 13:59:47,HI433894
T0000005702,180000,2019-06-30 14:06:56,HI345781
T0000005703,85000,2019-06-30 15:02:18,TS014817
T0000005704,180000,2019-06-30 15:05:57,IK330019
T0000005705,210000,2019-06-30 15:09:17,HI049184
T0000005706,50000,2019-06-30 15:17:45,IK165785
T0000005707,210000,2019-06-30 15:23:59,HD403941
T0000005708,100000,2019-06-30 15:40:08,TS649822
T0000005709,210000,2019-06-30 15:57:04,HD459890
T0000005710,85000,2019-06-30 16:18:56,HI295053
T0000005711,210000,2019-06-30 16:53:12,IK252166
T0000005712,120000,2019-06-30 17:58:24,TS558026
T0000005713,50000,2019-06-30 18:09:19,PL500772
T0000005714,135000,2019-06-30 18:38:55,PL659401
T0000005715,85000,2019-06-30 18:54:18,AS660812
T0000005716,50000,2019-06-30 20:03:44,OA998167
T0000005717,210000,2019-06-30 21:12:36,AS766856
T0000005718,205000,2019-06-30 23:31:39,IK446361
T0000005719,210000,2019-06-30 23:35:42,HD109539
T0000005720,210000,2019-07-01 00:19:44,PL145577
T0000005721,180000,2019-07-01 02:19:53,OA215175
T0000005722,50000,2019-07-01 02:39:30,OA755989
T0000005723,50000,2019-07-01 03:17:51,AS491747
T0000005724,85000,2019-07-01 03:40:12,PL634236
T0000005725,50000,2019-07-01 04:45:04,AS704643
T0000005726,100000,2019-07-01 05:00:10,GD124507
T0000005727,50000,2019-07-01 05:55:36,OA680638
T0000005728,210000,2019-07-01 06:24:41,IK460546
T0000005729,180000,2019-07-01 06:27:57,TS619017
T0000005730,150000,2019-07-01 06:39:21,IK466976
T0000005731,210000,2019-07-01 08:02:09,HD852520
T0000005732,300000,2019-07-01 08:23:32,TS351797
T0000005733,210000,2019-07-01 10:48:56,AS772036
T0000005734,50000,2019-07-01 11:14:11,TS886985
T0000005735,100000,2019-07-01 11:44:41,PL990383
T0000005736,250000,2019-07-01 11:55:05,PL564760
T0000005737,85000,2019-07-01 12:27:56,HI965956
T0000005738,380000,2019-07-01 13:07:12,HI155985
T0000005739,420000,2019-07-01 14:02:36,IK059828
T0000005740,50000,2019-07-01 14:50:31,HI100579
T0000005741,85000,2019-07-01 14:57:25,IK886752
T0000005742,210000,2019-07-01 16:01:17,AS587750
T0000005743,85000,2019-07-01 16:10:54,TS613765
T0000005744,240000,2019-07-01 16:49:17,TS594841
T0000005745,210000,2019-07-01 17:10:56,OA755989
T0000005746,170000,2019-07-01 17:40:11,GD471767
T0000005747,210000,2019-07-01 18:01:18,TS771339
T0000005748,50000,2019-07-01 18:48:43,IK429188
T0000005749,220000,2019-07-01 19:36:02,IK039344
T0000005750,85000,2019-07-01 19:44:23,AS385315
T0000005751,180000,2019-07-01 19:58:16,GD513608
T0000005752,180000,2019-07-01 20:18:37,IK306028
T0000005753,50000,2019-07-01 20:58:12,OA352170
T0000005754,150000,2019-07-01 21:15:19,IK510899
T0000005755,210000,2019-07-01 21:21:18,PL813822
T0000005756,50000,2019-07-01 22:53:34,OA224027
T0000005757,210000,2019-07-01 23:33:28,GD979485
T0000005758,120000,2019-07-01 23:44:50,TS563606
T0000005759,85000,2019-07-01 23:47:15,PL636860
T0000005760,210000,2019-07-02 01:45:50,HD831023
T0000005761,210000,2019-07-02 01:46:43,IK351092
T0000005762,210000,2019-07-02 02:14:44,OA834443
T0000005763,180000,2019-07-02 02:23:51,TS878897
T0000005764,85000,2019-07-02 02:24:54,AS029624
T0000005765,420000,2019-07-02 02:29:05,IK633711
T0000005766,210000,2019-07-02 03:19:01,IK430848
T0000005767,50000,2019-07-02 03:19:46,IK986467
T0000005768,50000,2019-07-02 04:07:26,PL989164
T0000005769,50000,2019-07-02 04:18:30,GD375438
T0000005770,210000,2019-07-02 05:12:07,OA143589
T0000005771,50000,2019-07-02 06:31:48,HI422675
T0000005772,180000,2019-07-02 07:15:42,HD280416
T0000005773,50000,2019-07-02 07:21:54,PL613759
T0000005774,210000,2019-07-02 07:38:19,TS667330
T0000005775,210000,2019-07-02 08:37:15,OA093559
T0000005776,50000,2019-07-02 08:42:05,PL928545
T0000005777,85000,2019-07-02 11:02:27,AS176615
T0000005778,85000,2019-07-02 12:37:34,PL654732
T0000005779,50000,2019-07-02 16:00:28,OA142331
T0000005780,100000,2019-07-02 17:18:38,PL491769
T0000005781,85000,2019-07-02 18:33:05,HD805503
T0000005782,85000,2019-07-02 18:47:48,OA866679
T0000005783,85000,2019-07-02 19:19:53,HI501312
T0000005784,170000,2019-07-02 19:32:36,HI846961
T0000005785,50000,2019-07-02 21:07:26,PL551489
T0000005786,85000,2019-07-02 21:36:12,OA666190
T0000005787,210000,2019-07-02 23:10:39,GD885447
T0000005788,210000,2019-07-02 23:19:11,AS460629
T0000005789,50000,2019-07-03 01:13:11,TS321426
T0000005790,210000,2019-07-03 01:32:44,HD112851
T0000005791,50000,2019-07-03 01:37:08,OA500792
T0000005792,210000,2019-07-03 03:10:27,IK855920
T0000005793,210000,2019-07-03 03:58:16,HD332594
T0000005794,180000,2019-07-03 05:57:53,HD666225
T0000005795,50000,2019-07-03 08:47:02,OA886148
T0000005796,85000,2019-07-03 09:05:05,TS210661
T0000005797,100000,2019-07-03 10:02:10,TS209540
T0000005798,120000,2019-07-03 10:10:42,PL267719
T0000005799,210000,2019-07-03 10:19:05,TS311478
T0000005800,170000,2019-07-03 10:35:23,HI909325
T0000005801,50000,2019-07-03 10:41:16,GD558480
T0000005802,85000,2019-07-03 11:16:33,TS744630
T0000005803,210000,2019-07-03 12:15:22,GD761771
T0000005804,50000,2019-07-03 12:35:48,GD269619
T0000005805,85000,2019-07-03 13:30:08,TS021036
T0000005806,180000,2019-07-03 13:58:14,HI215420
T0000005807,420000,2019-07-03 14:28:02,OA578672
T0000005808,85000,2019-07-03 14:33:48,HD074397
T0000005809,170000,2019-07-03 14:42:29,HD058348
T0000005810,210000,2019-07-03 14:50:08,IK963761
T0000005811,120000,2019-07-03 15:11:45,OA184387
T0000005812,180000,2019-07-03 16:04:03,AS220726
T0000005813,50000,2019-07-03 16:07:37,AS581751
T0000005814,210000,2019-07-03 16:51:24,PL160503
T0000005815,120000,2019-07-03 18:06:56,HI648050
T0000005816,50000,2019-07-03 18:21:20,AS886949
T0000005817,260000,2019-07-03 19:27:35,TS342811
T0000005818,210000,2019-07-03 20:55:40,HI554088
T0000005819,50000,2019-07-03 21:02:41,OA410852
T0000005820,85000,2019-07-03 21:51:01,OA229900
T0000005821,120000,2019-07-03 21:52:27,OA897552
T0000005822,50000,2019-07-03 22:34:25,AS118198
T0000005823,100000,2019-07-03 22:43:00,HI501814
T0000005824,50000,2019-07-03 22:49:26,AS453157
T0000005825,50000,2019-07-04 00:15:16,HI713224
T0000005826,210000,2019-07-04 00:36:57,HD070115
T0000005827,170000,2019-07-04 00:51:13,IK377403
T0000005828,210000,2019-07-04 02:37:21,TS342077
T0000005829,180000,2019-07-04 02:43:02,AS251112
T0000005830,180000,2019-07-04 03:00:45,IK631512
T0000005831,85000,2019-07-04 03:30:59,GD796301
T0000005832,210000,2019-07-04 03:49:49,OA570624
T0000005833,210000,2019-07-04 03:58:56,HD312137
T0000005834,85000,2019-07-04 04:03:56,IK372117
T0000005835,170000,2019-07-04 04:55:27,GD001473
T0000005836,120000,2019-07-04 05:20:11,AS015233
T0000005837,210000,2019-07-04 07:37:58,HD471103
T0000005838,85000,2019-07-04 07:51:49,PL562542
T0000005839,50000,2019-07-04 08:10:56,HI074037
T0000005840,230000,2019-07-04 08:11:59,PL570199
T0000005841,120000,2019-07-04 08:19:39,HI302801
T0000005842,50000,2019-07-04 08:40:32,HD693171
T0000005843,50000,2019-07-04 08:43:12,OA518938
T0000005844,170000,2019-07-04 11:38:18,PL212885
T0000005845,85000,2019-07-04 11:53:06,GD026761
T0000005846,210000,2019-07-04 11:55:51,HD487220
T0000005847,50000,2019-07-04 12:05:46,PL624566
T0000005848,120000,2019-07-04 12:08:18,TS383886
T0000005849,260000,2019-07-04 12:19:41,OA768446
T0000005850,180000,2019-07-04 12:55:50,AS614421
T0000005851,210000,2019-07-04 14:13:06,GD902176
T0000005852,180000,2019-07-04 14:19:33,HI373091
T0000005853,100000,2019-07-04 14:38:24,HD805503
T0000005854,180000,2019-07-04 14:46:38,HD827887
T0000005855,120000,2019-07-04 16:31:05,TS674550
T0000005856,210000,2019-07-04 17:57:14,OA930488
T0000005857,120000,2019-07-04 18:07:25,GD114852
T0000005858,85000,2019-07-04 18:16:19,PL549629
T0000005859,85000,2019-07-04 19:20:39,AS123190
T0000005860,210000,2019-07-04 19:31:40,GD139130
T0000005861,85000,2019-07-04 23:01:32,HI616611
T0000005862,210000,2019-07-04 23:42:07,AS369861
T0000005863,210000,2019-07-05 00:12:16,GD951332
T0000005864,180000,2019-07-05 00:52:29,HI231462
T0000005865,210000,2019-07-05 01:12:42,TS825520
T0000005866,265000,2019-07-05 01:20:15,HD459783
T0000005867,120000,2019-07-05 01:24:17,GD881679
T0000005868,85000,2019-07-05 01:26:11,HI601096
T0000005869,210000,2019-07-05 01:54:30,TS816625
T0000005870,205000,2019-07-05 02:06:52,TS179639
T0000005871,220000,2019-07-05 02:30:31,TS516522
T0000005872,120000,2019-07-05 02:44:25,HI218595
T0000005873,180000,2019-07-05 02:44:50,HI248417
T0000005874,50000,2019-07-05 03:05:08,HI886359
T0000005875,210000,2019-07-05 03:06:08,TS114225
T0000005876,210000,2019-07-05 03:25:56,TS267517
T0000005877,210000,2019-07-05 04:26:20,PL804383
T0000005878,210000,2019-07-05 04:28:50,PL191946
T0000005879,210000,2019-07-05 04:44:43,IK510899
T0000005880,310000,2019-07-05 04:52:22,OA681007
T0000005881,50000,2019-07-05 06:23:21,GD360440
T0000005882,200000,2019-07-05 06:46:55,HI769940
T0000005883,85000,2019-07-05 07:43:38,OA366759
T0000005884,50000,2019-07-05 09:16:21,GD308876
T0000005885,50000,2019-07-05 09:29:09,PL102045
T0000005886,120000,2019-07-05 09:44:44,HD679144
T0000005887,120000,2019-07-05 10:04:47,IK403801
T0000005888,170000,2019-07-05 10:53:42,IK736758
T0000005889,100000,2019-07-05 11:20:40,IK930070
T0000005890,85000,2019-07-05 12:04:23,GD083109
T0000005891,120000,2019-07-05 13:53:02,TS716875
T0000005892,50000,2019-07-05 14:07:18,GD879805
T0000005893,210000,2019-07-05 14:08:59,HD880103
T0000005894,120000,2019-07-05 14:17:47,HI653573
T0000005895,210000,2019-07-05 14:50:46,IK694377
T0000005896,50000,2019-07-05 15:15:32,AS171994
T0000005897,120000,2019-07-05 16:54:46,AS993100
T0000005898,50000,2019-07-05 17:32:22,AS699883
T0000005899,420000,2019-07-05 17:39:12,HD699115
T0000005900,180000,2019-07-05 17:52:22,HD738121
T0000005901,210000,2019-07-05 17:59:39,AS502510
T0000005902,170000,2019-07-05 19:56:44,TS033156
T0000005903,85000,2019-07-05 20:15:18,PL769414
T0000005904,210000,2019-07-05 20:39:26,OA599080
T0000005905,210000,2019-07-05 20:57:50,OA018910
T0000005906,210000,2019-07-05 22:59:42,OA675891
T0000005907,210000,2019-07-05 23:45:48,TS642752
T0000005908,100000,2019-07-05 23:47:33,IK733351
T0000005909,240000,2019-07-06 00:10:25,PL147335
T0000005910,180000,2019-07-06 00:55:49,TS703441
T0000005911,85000,2019-07-06 01:09:20,TS465474
T0000005912,120000,2019-07-06 01:18:35,OA224027
T0000005913,85000,2019-07-06 02:15:03,GD485275
T0000005914,420000,2019-07-06 02:48:50,GD869667
T0000005915,85000,2019-07-06 02:53:42,IK039344
T0000005916,170000,2019-07-06 03:13:28,OA838720
T0000005917,210000,2019-07-06 03:19:18,TS789849
T0000005918,210000,2019-07-06 03:34:09,PL677323
T0000005919,240000,2019-07-06 04:19:43,IK306028
T0000005920,255000,2019-07-06 04:28:22,TS505679
T0000005921,210000,2019-07-06 04:46:55,GD462529
T0000005922,85000,2019-07-06 04:55:24,HD710658
T0000005923,120000,2019-07-06 05:25:58,TS871110
T0000005924,150000,2019-07-06 05:35:08,AS665097
T0000005925,50000,2019-07-06 06:07:29,GD296555
T0000005926,50000,2019-07-06 06:19:55,GD807513
T0000005927,85000,2019-07-06 06:35:26,OA228291
T0000005928,100000,2019-07-06 08:18:40,PL964421
T0000005929,210000,2019-07-06 08:28:36,IK466573
T0000005930,180000,2019-07-06 08:40:13,TS551344
T0000005931,170000,2019-07-06 09:11:54,TS021036
T0000005932,210000,2019-07-06 10:40:43,HI493527
T0000005933,120000,2019-07-06 10:52:12,AS168089
T0000005934,210000,2019-07-06 10:59:08,HD867363
T0000005935,50000,2019-07-06 11:52:50,GD309433
T0000005936,85000,2019-07-06 12:08:31,HD775663
T0000005937,85000,2019-07-06 12:39:07,HD642174
T0000005938,210000,2019-07-06 13:49:36,PL649133
T0000005939,85000,2019-07-06 13:49:59,TS682265
T0000005940,240000,2019-07-06 14:18:34,HI265546
T0000005941,120000,2019-07-06 16:59:15,IK993568
T0000005942,85000,2019-07-06 17:04:45,HI151205
T0000005943,100000,2019-07-06 17:08:16,HD823097
T0000005944,85000,2019-07-06 18:00:05,OA241695
T0000005945,50000,2019-07-06 19:35:23,TS258685
T0000005946,180000,2019-07-06 20:29:37,IK749861
T0000005947,50000,2019-07-06 21:56:01,OA452734
T0000005948,85000,2019-07-06 23:11:41,HD071461
T0000005949,210000,2019-07-06 23:54:24,AS460655
T0000005950,180000,2019-07-06 23:56:10,OA795599
T0000005951,100000,2019-07-07 01:08:26,HD903528
T0000005952,210000,2019-07-07 01:17:23,HD921002
T0000005953,85000,2019-07-07 01:24:00,IK132840
T0000005954,50000,2019-07-07 02:05:31,TS810881
T0000005955,85000,2019-07-07 02:40:15,GD770166
T0000005956,180000,2019-07-07 02:51:27,HD044319
T0000005957,100000,2019-07-07 03:21:17,IK927405
T0000005958,85000,2019-07-07 03:27:30,IK616996
T0000005959,85000,2019-07-07 03:37:40,TS816625
T0000005960,210000,2019-07-07 04:49:22,AS621674
T0000005961,180000,2019-07-07 05:04:03,PL705609
T0000005962,120000,2019-07-07 05:07:48,PL886444
T0000005963,180000,2019-07-07 05:51:59,HI627474
T0000005964,210000,2019-07-07 09:25:58,OA255039
T0000005965,100000,2019-07-07 10:32:28,GD326524
T0000005966,210000,2019-07-07 11:11:52,OA190016
T0000005967,85000,2019-07-07 11:35:57,OA764380
T0000005968,360000,2019-07-07 11:41:49,GD082396
T0000005969,100000,2019-07-07 13:07:34,HI957106
T0000005970,170000,2019-07-07 13:47:03,GD862639
T0000005971,180000,2019-07-07 15:28:41,TS614929
T0000005972,210000,2019-07-07 15:32:35,IK164154
T0000005973,210000,2019-07-07 15:53:58,GD856484
T0000005974,180000,2019-07-07 16:11:13,AS857991
T0000005975,180000,2019-07-07 16:22:49,OA506453
T0000005976,310000,2019-07-07 17:45:04,HD313841
T0000005977,85000,2019-07-07 18:59:29,IK027932
T0000005978,200000,2019-07-07 19:07:29,HD648882
T0000005979,50000,2019-07-07 19:25:40,TS248015
T0000005980,210000,2019-07-07 19:43:08,PL185504
T0000005981,210000,2019-07-07 20:23:57,PL456313
T0000005982,210000,2019-07-07 20:44:06,OA567940
T0000005983,50000,2019-07-07 21:44:05,HD099859
T0000005984,180000,2019-07-07 23:15:38,HI841207
T0000005985,210000,2019-07-07 23:37:23,PL447530
T0000005986,100000,2019-07-08 00:04:22,IK923881
T0000005987,185000,2019-07-08 00:05:57,OA134132
T0000005988,100000,2019-07-08 00:45:02,AS557018
T0000005989,50000,2019-07-08 00:52:38,HI560276
T0000005990,50000,2019-07-08 01:56:30,IK964401
T0000005991,85000,2019-07-08 02:06:09,AS870817
T0000005992,420000,2019-07-08 02:31:42,HD556323
T0000005993,85000,2019-07-08 04:18:47,PL102815
T0000005994,85000,2019-07-08 04:28:34,HI491504
T0000005995,210000,2019-07-08 06:07:52,TS426363
T0000005996,50000,2019-07-08 08:05:58,IK777885
T0000005997,50000,2019-07-08 08:33:22,OA422340
T0000005998,200000,2019-07-08 08:39:03,TS645212
T0000005999,180000,2019-07-08 10:13:08,IK487798
T0000006000,180000,2019-07-08 11:05:47,PL520159
T0000006001,120000,2019-07-08 11:16:55,IK555274
T0000006002,100000,2019-07-08 12:00:48,IK736758
T0000006003,180000,2019-07-08 12:10:39,GD324324
T0000006004,210000,2019-07-08 12:34:42,TS981486
T0000006005,50000,2019-07-08 12:39:13,OA393462
T0000006006,210000,2019-07-08 13:17:35,PL659352
T0000006007,50000,2019-07-08 13:19:24,HI405294
T0000006008,50000,2019-07-08 14:27:58,IK420707
T0000006009,100000,2019-07-08 14:52:51,HD078028
T0000006010,85000,2019-07-08 15:30:20,PL843204
T0000006011,210000,2019-07-08 16:01:25,IK975905
T0000006012,180000,2019-07-08 16:22:51,HD351414
T0000006013,210000,2019-07-08 16:44:25,HI635804
T0000006014,120000,2019-07-08 16:45:24,PL534834
T0000006015,50000,2019-07-08 17:46:14,PL316635
T0000006016,50000,2019-07-08 17:55:12,PL984365
T0000006017,210000,2019-07-08 18:24:43,HD685797
T0000006018,210000,2019-07-08 18:40:29,HD561717
T0000006019,150000,2019-07-08 20:24:53,GD933293
T0000006020,120000,2019-07-08 20:32:32,AS886138
T0000006021,50000,2019-07-08 20:34:03,OA256309
T0000006022,120000,2019-07-08 20:40:11,AS152185
T0000006023,85000,2019-07-08 21:39:52,GD332889
T0000006024,100000,2019-07-08 22:01:50,PL826676
T0000006025,100000,2019-07-08 23:05:33,TS429065
T0000006026,50000,2019-07-09 00:45:14,PL999250
T0000006027,180000,2019-07-09 01:12:13,HD747377
T0000006028,210000,2019-07-09 02:28:09,GD152773
T0000006029,85000,2019-07-09 03:00:25,OA886148
T0000006030,50000,2019-07-09 03:34:16,IK809167
T0000006031,50000,2019-07-09 05:10:54,IK130171
T0000006032,210000,2019-07-09 05:43:18,HI142725
T0000006033,210000,2019-07-09 06:01:46,PL093071
T0000006034,210000,2019-07-09 06:15:33,TS860951
T0000006035,85000,2019-07-09 06:54:53,HI570349
T0000006036,85000,2019-07-09 10:36:11,IK669065
T0000006037,50000,2019-07-09 10:55:20,OA544396
T0000006038,85000,2019-07-09 11:11:21,TS563606
T0000006039,120000,2019-07-09 12:04:43,GD843122
T0000006040,85000,2019-07-09 13:00:52,HD537011
T0000006041,255000,2019-07-09 13:20:46,TS456293
T0000006042,180000,2019-07-09 13:28:36,HI218595
T0000006043,210000,2019-07-09 15:10:39,TS842244
T0000006044,220000,2019-07-09 15:56:54,IK052835
T0000006045,180000,2019-07-09 16:05:44,GD095067
T0000006046,120000,2019-07-09 16:09:56,AS854424
T0000006047,85000,2019-07-09 16:18:09,HD734247
T0000006048,85000,2019-07-09 16:29:09,IK242265
T0000006049,120000,2019-07-09 16:47:36,OA639613
T0000006050,170000,2019-07-09 17:13:40,OA794542
T0000006051,210000,2019-07-09 17:39:00,OA904369
T0000006052,210000,2019-07-09 18:15:43,IK993568
T0000006053,50000,2019-07-09 18:51:32,PL866564
T0000006054,210000,2019-07-09 19:05:24,PL163921
T0000006055,85000,2019-07-09 19:07:48,HD146199
T0000006056,85000,2019-07-09 19:22:14,OA568136
T0000006057,120000,2019-07-09 19:39:27,AS525250
T0000006058,85000,2019-07-09 20:00:58,TS979550
T0000006059,50000,2019-07-09 20:28:48,TS803328
T0000006060,240000,2019-07-09 20:31:24,OA641335
T0000006061,50000,2019-07-09 20:33:11,HI407816
T0000006062,50000,2019-07-09 20:39:59,IK397678
T0000006063,560000,2019-07-09 21:08:38,GD216317
T0000006064,210000,2019-07-09 21:10:33,PL391700
T0000006065,170000,2019-07-09 22:33:27,IK529029
T0000006066,50000,2019-07-09 22:36:21,PL355994
T0000006067,210000,2019-07-09 23:12:07,PL614797
T0000006068,240000,2019-07-09 23:22:38,GD163914
T0000006069,120000,2019-07-09 23:54:12,HI873127
T0000006070,50000,2019-07-10 01:25:35,HD581148
T0000006071,210000,2019-07-10 02:03:58,HD349501
T0000006072,85000,2019-07-10 02:52:03,IK083204
T0000006073,50000,2019-07-10 02:54:28,PL314896
T0000006074,120000,2019-07-10 03:55:57,TS934599
T0000006075,120000,2019-07-10 04:09:26,HD537011
T0000006076,150000,2019-07-10 04:19:55,AS355098
T0000006077,85000,2019-07-10 04:51:40,PL049894
T0000006078,85000,2019-07-10 04:58:43,HD838779
T0000006079,100000,2019-07-10 06:46:28,HI051235
T0000006080,50000,2019-07-10 06:58:35,IK899587
T0000006081,120000,2019-07-10 08:23:37,TS758130
T0000006082,210000,2019-07-10 08:31:59,PL505013
T0000006083,210000,2019-07-10 08:34:33,PL660410
T0000006084,180000,2019-07-10 08:46:14,TS600511
T0000006085,150000,2019-07-10 09:50:14,TS763203
T0000006086,180000,2019-07-10 10:14:39,HI690734
T0000006087,150000,2019-07-10 10:27:38,PL681000
T0000006088,50000,2019-07-10 10:48:25,PL563502
T0000006089,85000,2019-07-10 10:53:32,HI629862
T0000006090,120000,2019-07-10 10:57:18,PL013667
T0000006091,85000,2019-07-10 12:45:31,HI736424
T0000006092,210000,2019-07-10 12:51:48,IK676041
T0000006093,210000,2019-07-10 13:02:12,PL215752
T0000006094,390000,2019-07-10 13:49:43,OA642994
T0000006095,85000,2019-07-10 14:17:38,IK540492
T0000006096,210000,2019-07-10 14:45:05,OA263631
T0000006097,85000,2019-07-10 14:48:04,HI889608
T0000006098,85000,2019-07-10 16:23:30,HD069769
T0000006099,120000,2019-07-10 16:37:50,IK863423
T0000006100,210000,2019-07-10 16:41:46,AS717316
T0000006101,50000,2019-07-10 16:54:03,HD084175
T0000006102,210000,2019-07-10 17:26:28,AS860362
T0000006103,170000,2019-07-10 17:47:26,HD412914
T0000006104,50000,2019-07-10 18:13:33,TS758130
T0000006105,210000,2019-07-10 18:17:24,PL666557
T0000006106,210000,2019-07-10 18:19:03,HI780705
T0000006107,210000,2019-07-10 19:07:08,TS341150
T0000006108,180000,2019-07-10 19:32:51,OA869095
T0000006109,210000,2019-07-10 22:27:38,OA329115
T0000006110,85000,2019-07-11 00:51:14,HD206448
T0000006111,85000,2019-07-11 00:52:57,PL242307
T0000006112,420000,2019-07-11 01:35:55,AS352069
T0000006113,50000,2019-07-11 02:12:40,IK975392
T0000006114,210000,2019-07-11 02:30:08,OA510950
T0000006115,50000,2019-07-11 04:34:51,AS399435
T0000006116,210000,2019-07-11 04:54:25,AS033898
T0000006117,120000,2019-07-11 05:01:49,HI048809
T0000006118,85000,2019-07-11 05:37:48,IK627931
T0000006119,85000,2019-07-11 07:11:06,HD148659
T0000006120,210000,2019-07-11 07:13:16,GD144013
T0000006121,120000,2019-07-11 07:48:29,TS938383
T0000006122,100000,2019-07-11 07:53:30,IK299592
T0000006123,50000,2019-07-11 08:13:20,OA695959
T0000006124,50000,2019-07-11 08:50:09,OA072075
T0000006125,120000,2019-07-11 08:50:27,HD532552
T0000006126,50000,2019-07-11 09:56:02,PL889178
T0000006127,50000,2019-07-11 13:03:07,IK330019
T0000006128,210000,2019-07-11 13:38:37,TS878897
T0000006129,180000,2019-07-11 14:28:02,IK114480
T0000006130,210000,2019-07-11 15:51:10,OA273247
T0000006131,170000,2019-07-11 16:38:07,OA917468
T0000006132,50000,2019-07-11 18:09:54,TS132003
T0000006133,100000,2019-07-11 18:40:22,HD558047
T0000006134,210000,2019-07-11 19:08:58,HI672548
T0000006135,85000,2019-07-11 19:20:41,IK593766
T0000006136,210000,2019-07-11 19:24:13,GD406715
T0000006137,210000,2019-07-11 19:35:36,HD160543
T0000006138,50000,2019-07-11 20:01:31,HI963277
T0000006139,210000,2019-07-11 20:01:43,TS239042
T0000006140,180000,2019-07-11 20:16:18,IK820199
T0000006141,205000,2019-07-11 20:25:06,HD807553
T0000006142,380000,2019-07-11 21:29:30,PL852196
T0000006143,50000,2019-07-11 22:12:55,HD580454
T0000006144,180000,2019-07-11 22:18:25,PL466152
T0000006145,210000,2019-07-11 22:22:13,GD297149
T0000006146,120000,2019-07-11 22:35:06,TS413667
T0000006147,255000,2019-07-11 23:05:54,HD277392
T0000006148,85000,2019-07-11 23:34:45,HD814444
T0000006149,85000,2019-07-11 23:51:25,HI328204
T0000006150,85000,2019-07-12 00:22:34,AS569518
T0000006151,150000,2019-07-12 00:28:05,OA021894
T0000006152,210000,2019-07-12 01:34:30,OA148697
T0000006153,100000,2019-07-12 02:23:12,AS857207
T0000006154,100000,2019-07-12 02:33:44,HD660527
T0000006155,120000,2019-07-12 03:24:50,OA157445
T0000006156,85000,2019-07-12 03:51:57,AS065870
T0000006157,50000,2019-07-12 04:07:14,HD475088
T0000006158,85000,2019-07-12 04:59:21,AS515526
T0000006159,100000,2019-07-12 06:00:00,PL201799
T0000006160,85000,2019-07-12 06:53:02,AS790905
T0000006161,120000,2019-07-12 07:17:49,PL443639
T0000006162,85000,2019-07-12 07:20:19,HI606358
T0000006163,120000,2019-07-12 08:18:58,TS649822
T0000006164,170000,2019-07-12 08:22:35,HI457483
T0000006165,210000,2019-07-12 09:06:26,AS603613
T0000006166,180000,2019-07-12 12:31:11,TS532933
T0000006167,210000,2019-07-12 13:05:35,AS502510
T0000006168,85000,2019-07-12 13:10:43,IK377403
T0000006169,180000,2019-07-12 13:47:10,PL499733
T0000006170,85000,2019-07-12 14:20:03,HD623640
T0000006171,210000,2019-07-12 15:37:08,IK966075
T0000006172,50000,2019-07-12 15:57:15,OA096118
T0000006173,120000,2019-07-12 16:08:03,OA823412
T0000006174,210000,2019-07-12 16:10:14,GD489148
T0000006175,210000,2019-07-12 16:14:57,OA118869
T0000006176,120000,2019-07-12 16:27:55,PL570346
T0000006177,120000,2019-07-12 16:29:35,HI022788
T0000006178,180000,2019-07-12 18:26:52,TS219429
T0000006179,50000,2019-07-12 18:30:47,IK356680
T0000006180,85000,2019-07-12 19:02:13,HI715559
T0000006181,120000,2019-07-12 19:40:54,HD743673
T0000006182,180000,2019-07-12 20:07:41,GD624477
T0000006183,150000,2019-07-12 20:17:23,GD951332
T0000006184,50000,2019-07-12 20:43:28,AS057808
T0000006185,180000,2019-07-12 21:02:59,TS179639
T0000006186,150000,2019-07-12 23:11:26,HI486664
T0000006187,50000,2019-07-12 23:16:20,IK448722
T0000006188,85000,2019-07-12 23:26:13,AS100947
T0000006189,255000,2019-07-12 23:37:27,TS105753
T0000006190,50000,2019-07-13 00:05:04,IK775424
T0000006191,120000,2019-07-13 00:50:18,OA179234
T0000006192,50000,2019-07-13 01:46:57,HI978950
T0000006193,240000,2019-07-13 02:01:24,GD843424
T0000006194,120000,2019-07-13 02:35:03,TS830686
T0000006195,50000,2019-07-13 04:25:40,HI914848
T0000006196,50000,2019-07-13 04:29:08,TS717160
T0000006197,50000,2019-07-13 04:54:44,PL902037
T0000006198,50000,2019-07-13 05:24:54,IK306874
T0000006199,100000,2019-07-13 05:40:11,GD163149
T0000006200,210000,2019-07-13 05:58:52,HI587459
T0000006201,50000,2019-07-13 06:04:34,TS178285
T0000006202,120000,2019-07-13 07:12:21,OA872586
T0000006203,85000,2019-07-13 07:25:42,AS516140
T0000006204,180000,2019-07-13 07:40:03,HI364290
T0000006205,50000,2019-07-13 08:04:17,PL043724
T0000006206,210000,2019-07-13 08:07:11,IK544197
T0000006207,255000,2019-07-13 08:34:12,IK331136
T0000006208,50000,2019-07-13 09:09:11,AS609865
T0000006209,180000,2019-07-13 10:05:44,PL368937
T0000006210,210000,2019-07-13 10:19:49,AS972005
T0000006211,180000,2019-07-13 11:14:48,HD032015
T0000006212,180000,2019-07-13 11:31:50,HI635804
T0000006213,265000,2019-07-13 12:11:04,PL511118
T0000006214,210000,2019-07-13 12:38:13,OA916298
T0000006215,100000,2019-07-13 12:52:41,IK608489
T0000006216,50000,2019-07-13 12:53:00,HI488123
T0000006217,180000,2019-07-13 14:22:05,IK823588
T0000006218,210000,2019-07-13 14:27:12,GD998772
T0000006219,170000,2019-07-13 14:41:01,HI573204
T0000006220,100000,2019-07-13 15:15:23,PL601016
T0000006221,210000,2019-07-13 15:54:08,AS082596
T0000006222,210000,2019-07-13 16:04:13,AS186727
T0000006223,420000,2019-07-13 16:22:45,HI642668
T0000006224,210000,2019-07-13 16:33:14,AS814353
T0000006225,50000,2019-07-13 17:11:12,PL036627
T0000006226,180000,2019-07-13 18:09:56,GD763258
T0000006227,50000,2019-07-13 19:56:50,AS189336
T0000006228,210000,2019-07-13 20:02:36,IK914829
T0000006229,50000,2019-07-13 20:06:14,HD280416
T0000006230,50000,2019-07-13 20:42:20,OA953837
T0000006231,50000,2019-07-13 21:32:29,HD852520
T0000006232,260000,2019-07-13 22:31:39,TS544093
T0000006233,85000,2019-07-13 23:28:33,AS529972
T0000006234,120000,2019-07-13 23:35:26,GD181791
T0000006235,50000,2019-07-14 00:16:42,OA061841
T0000006236,420000,2019-07-14 00:54:10,GD868389
T0000006237,50000,2019-07-14 00:54:18,PL928577
T0000006238,180000,2019-07-14 01:55:55,HI769940
T0000006239,210000,2019-07-14 02:37:11,GD367382
T0000006240,50000,2019-07-14 02:38:06,HD491284
T0000006241,180000,2019-07-14 03:29:51,AS917021
T0000006242,210000,2019-07-14 03:32:17,GD623309
T0000006243,170000,2019-07-14 03:54:10,HI088451
T0000006244,50000,2019-07-14 05:50:54,GD305966
T0000006245,120000,2019-07-14 06:19:48,IK529029
T0000006246,50000,2019-07-14 06:40:00,PL304252
T0000006247,180000,2019-07-14 07:27:41,HD291079
T0000006248,180000,2019-07-14 08:37:53,OA041301
T0000006249,180000,2019-07-14 08:42:39,GD489324
T0000006250,170000,2019-07-14 08:54:44,HI197384
T0000006251,85000,2019-07-14 09:08:28,TS012855
T0000006252,100000,2019-07-14 09:44:35,OA981416
T0000006253,170000,2019-07-14 10:11:08,PL417119
T0000006254,150000,2019-07-14 10:34:17,IK015821
T0000006255,120000,2019-07-14 11:32:52,PL804383
T0000006256,120000,2019-07-14 12:31:56,TS712179
T0000006257,85000,2019-07-14 13:29:10,HI169357
T0000006258,420000,2019-07-14 13:44:02,AS462883
T0000006259,240000,2019-07-14 15:36:03,OA138193
T0000006260,50000,2019-07-14 15:57:03,HD867526
T0000006261,50000,2019-07-14 16:06:11,GD908843
T0000006262,180000,2019-07-14 16:07:26,IK056231
T0000006263,210000,2019-07-14 16:49:47,HI941745
T0000006264,85000,2019-07-14 16:59:36,PL944541
T0000006265,180000,2019-07-14 17:52:16,PL445190
T0000006266,210000,2019-07-14 18:15:18,TS488636
T0000006267,50000,2019-07-14 19:12:17,GD011312
T0000006268,50000,2019-07-14 20:02:06,TS035920
T0000006269,100000,2019-07-14 20:04:14,HD745359
T0000006270,120000,2019-07-14 22:15:57,GD521924
T0000006271,180000,2019-07-14 22:38:00,IK822921
T0000006272,120000,2019-07-14 22:51:59,GD011312
T0000006273,50000,2019-07-14 23:29:17,IK186228
T0000006274,50000,2019-07-14 23:35:08,IK904385
T0000006275,180000,2019-07-14 23:40:45,GD141776
T0000006276,85000,2019-07-15 01:54:12,HD724900
T0000006277,85000,2019-07-15 03:14:11,PL558375
T0000006278,50000,2019-07-15 03:39:36,OA003684
T0000006279,50000,2019-07-15 04:06:57,OA096648
T0000006280,50000,2019-07-15 05:07:42,PL843204
T0000006281,50000,2019-07-15 05:16:35,AS897341
T0000006282,85000,2019-07-15 05:16:50,AS285092
T0000006283,210000,2019-07-15 06:24:17,PL483945
T0000006284,85000,2019-07-15 06:36:16,IK328604
T0000006285,170000,2019-07-15 06:36:26,HD453100
T0000006286,170000,2019-07-15 06:56:52,TS037146
T0000006287,180000,2019-07-15 07:49:30,OA574788
T0000006288,85000,2019-07-15 07:53:49,TS418116
T0000006289,210000,2019-07-15 08:49:46,GD607294
T0000006290,210000,2019-07-15 08:53:43,TS331765
T0000006291,420000,2019-07-15 09:06:59,OA449732
T0000006292,210000,2019-07-15 09:35:06,HI702171
T0000006293,210000,2019-07-15 09:42:17,OA795599
T0000006294,420000,2019-07-15 10:30:13,HI375298
T0000006295,210000,2019-07-15 11:54:38,GD192169
T0000006296,120000,2019-07-15 12:45:04,IK880102
T0000006297,210000,2019-07-15 14:50:41,HD761271
T0000006298,180000,2019-07-15 16:02:31,GD735013
T0000006299,210000,2019-07-15 17:44:55,OA467724
T0000006300,210000,2019-07-15 18:11:32,HD182637
T0000006301,50000,2019-07-15 18:14:09,GD761771
T0000006302,100000,2019-07-15 18:26:04,GD171613
T0000006303,85000,2019-07-15 19:43:34,TS544093
T0000006304,120000,2019-07-15 19:54:00,OA959426
T0000006305,50000,2019-07-15 19:56:18,IK059828
T0000006306,180000,2019-07-15 19:56:42,TS187985
T0000006307,310000,2019-07-15 20:55:13,PL325020
T0000006308,150000,2019-07-15 20:57:48,OA974876
T0000006309,170000,2019-07-15 21:06:52,OA240963
T0000006310,180000,2019-07-15 21:10:07,PL582174
T0000006311,50000,2019-07-15 22:20:29,TS579641
T0000006312,210000,2019-07-15 22:51:46,IK478859
T0000006313,210000,2019-07-15 23:22:13,AS742617
T0000006314,50000,2019-07-16 00:38:23,GD727041
T0000006315,50000,2019-07-16 01:20:58,PL589030
T0000006316,85000,2019-07-16 01:30:37,PL929101
T0000006317,120000,2019-07-16 01:57:39,PL181118
T0000006318,50000,2019-07-16 02:59:24,TS959147
T0000006319,180000,2019-07-16 03:13:02,TS510841
T0000006320,230000,2019-07-16 05:03:59,TS409844
T0000006321,50000,2019-07-16 05:17:34,OA998167
T0000006322,120000,2019-07-16 05:26:48,OA134132
T0000006323,85000,2019-07-16 06:50:50,PL360669
T0000006324,210000,2019-07-16 07:05:52,HD126441
T0000006325,50000,2019-07-16 08:01:29,TS250479
T0000006326,255000,2019-07-16 08:34:11,HD030810
T0000006327,85000,2019-07-16 09:02:18,HD753489
T0000006328,210000,2019-07-16 10:07:09,TS973306
T0000006329,85000,2019-07-16 10:31:22,PL470792
T0000006330,100000,2019-07-16 11:23:00,HD722558
T0000006331,50000,2019-07-16 11:30:10,GD625169
T0000006332,180000,2019-07-16 12:19:28,OA967616
T0000006333,210000,2019-07-16 13:22:26,HD837482
T0000006334,85000,2019-07-16 13:53:11,HI003514
T0000006335,210000,2019-07-16 15:27:54,TS516522
T0000006336,120000,2019-07-16 16:07:11,GD259467
T0000006337,50000,2019-07-16 16:09:05,TS533240
T0000006338,85000,2019-07-16 16:27:45,AS618299
T0000006339,85000,2019-07-16 16:33:17,PL089782
T0000006340,85000,2019-07-16 19:38:56,TS306264
T0000006341,85000,2019-07-16 21:05:57,AS636570
T0000006342,180000,2019-07-16 21:45:52,HD375116
T0000006343,210000,2019-07-17 00:47:30,OA641335
T0000006344,100000,2019-07-17 01:07:31,IK357517
T0000006345,100000,2019-07-17 01:22:56,PL050511
T0000006346,310000,2019-07-17 02:42:13,GD362869
T0000006347,150000,2019-07-17 02:47:39,HI492596
T0000006348,85000,2019-07-17 02:54:28,PL924048
T0000006349,120000,2019-07-17 06:14:30,TS186053
T0000006350,150000,2019-07-17 06:44:43,OA667284
T0000006351,210000,2019-07-17 07:09:35,HD572934
T0000006352,50000,2019-07-17 08:14:36,AS941998
T0000006353,210000,2019-07-17 09:43:55,HD096953
T0000006354,120000,2019-07-17 10:43:45,HD864513
T0000006355,85000,2019-07-17 11:33:05,AS997107
T0000006356,360000,2019-07-17 12:09:15,PL102045
T0000006357,210000,2019-07-17 12:11:11,AS124155
T0000006358,85000,2019-07-17 13:34:33,GD600747
T0000006359,210000,2019-07-17 15:11:14,GD095067
T0000006360,170000,2019-07-17 15:42:46,IK432395
T0000006361,85000,2019-07-17 16:54:52,IK867288
T0000006362,150000,2019-07-17 17:55:14,TS993439
T0000006363,320000,2019-07-17 18:12:27,HI218595
T0000006364,210000,2019-07-17 18:52:02,AS278780
T0000006365,85000,2019-07-17 19:45:55,GD695904
T0000006366,100000,2019-07-17 20:14:03,OA082154
T0000006367,180000,2019-07-17 23:41:21,GD788700
T0000006368,210000,2019-07-17 23:55:14,OA717373
T0000006369,210000,2019-07-18 02:29:55,IK351897
T0000006370,85000,2019-07-18 03:02:49,TS454370
T0000006371,150000,2019-07-18 03:03:15,GD700354
T0000006372,240000,2019-07-18 04:31:33,GD673835
T0000006373,85000,2019-07-18 05:01:55,AS834628
T0000006374,50000,2019-07-18 05:19:34,HI373547
T0000006375,330000,2019-07-18 05:45:48,TS228066
T0000006376,210000,2019-07-18 05:51:59,PL983707
T0000006377,180000,2019-07-18 06:12:02,HD778015
T0000006378,360000,2019-07-18 06:15:00,HD634523
T0000006379,120000,2019-07-18 06:59:31,HD666936
T0000006380,210000,2019-07-18 08:05:33,HD459890
T0000006381,50000,2019-07-18 08:17:47,AS009013
T0000006382,210000,2019-07-18 08:31:43,OA383490
T0000006383,50000,2019-07-18 09:14:20,PL677323
T0000006384,50000,2019-07-18 10:58:25,GD569028
T0000006385,180000,2019-07-18 11:26:33,IK163405
T0000006386,180000,2019-07-18 11:36:04,TS343738
T0000006387,210000,2019-07-18 14:16:40,IK077620
T0000006388,120000,2019-07-18 14:21:05,IK077913
T0000006389,210000,2019-07-18 14:25:46,IK061114
T0000006390,210000,2019-07-18 14:44:43,IK619953
T0000006391,210000,2019-07-18 15:30:30,GD809947
T0000006392,150000,2019-07-18 15:56:20,PL666557
T0000006393,360000,2019-07-18 17:10:26,AS065870
T0000006394,85000,2019-07-18 17:54:00,GD181791
T0000006395,170000,2019-07-18 18:49:08,AS772036
T0000006396,210000,2019-07-18 18:51:38,HI823009
T0000006397,185000,2019-07-18 19:17:57,IK251979
T0000006398,295000,2019-07-18 19:38:30,TS624020
T0000006399,180000,2019-07-18 19:41:35,TS752438
T0000006400,255000,2019-07-18 20:01:14,GD283160
T0000006401,210000,2019-07-18 21:05:15,AS147168
T0000006402,85000,2019-07-18 21:08:39,OA834676
T0000006403,120000,2019-07-18 21:25:17,IK557821
T0000006404,170000,2019-07-18 22:30:13,IK772152
T0000006405,210000,2019-07-19 00:26:38,GD719026
T0000006406,210000,2019-07-19 00:30:05,HI231462
T0000006407,180000,2019-07-19 00:44:55,GD653232
T0000006408,50000,2019-07-19 00:49:35,TS617231
T0000006409,120000,2019-07-19 00:59:12,HD314081
T0000006410,50000,2019-07-19 01:20:49,OA197856
T0000006411,150000,2019-07-19 02:01:22,HI150416
T0000006412,50000,2019-07-19 02:53:53,HI964680
T0000006413,85000,2019-07-19 03:05:17,TS909340
T0000006414,210000,2019-07-19 03:21:30,IK088821
T0000006415,50000,2019-07-19 03:49:07,OA840257
T0000006416,210000,2019-07-19 03:53:03,PL000073
T0000006417,50000,2019-07-19 04:41:49,AS352069
T0000006418,210000,2019-07-19 05:13:19,IK825670
T0000006419,50000,2019-07-19 06:13:24,GD139130
T0000006420,170000,2019-07-19 06:25:59,PL787939
T0000006421,120000,2019-07-19 06:51:19,AS170643
T0000006422,210000,2019-07-19 07:00:53,IK802122
T0000006423,50000,2019-07-19 07:16:14,HI422196
T0000006424,50000,2019-07-19 08:13:12,TS414273
T0000006425,210000,2019-07-19 08:35:58,AS700549
T0000006426,210000,2019-07-19 09:24:19,IK018825
T0000006427,85000,2019-07-19 11:01:18,GD181791
T0000006428,85000,2019-07-19 11:03:28,HD571515
T0000006429,120000,2019-07-19 12:41:57,HD623640
T0000006430,210000,2019-07-19 13:42:39,HI525283
T0000006431,180000,2019-07-19 14:00:45,OA868549
T0000006432,85000,2019-07-19 14:20:51,PL697195
T0000006433,85000,2019-07-19 14:39:09,HD391766
T0000006434,120000,2019-07-19 14:49:02,PL417414
T0000006435,210000,2019-07-19 15:11:59,HI466749
T0000006436,85000,2019-07-19 16:12:08,AS549090
T0000006437,50000,2019-07-19 17:18:19,TS784450
T0000006438,180000,2019-07-19 17:38:02,OA018910
T0000006439,210000,2019-07-19 17:43:52,OA764380
T0000006440,85000,2019-07-19 18:25:47,HI888272
T0000006441,120000,2019-07-19 19:22:04,TS349820
T0000006442,50000,2019-07-19 19:43:34,HI392766
T0000006443,210000,2019-07-19 20:57:07,AS193568
T0000006444,85000,2019-07-19 21:44:27,TS803328
T0000006445,85000,2019-07-19 22:05:27,GD639619
T0000006446,180000,2019-07-19 22:26:38,TS037478
T0000006447,85000,2019-07-19 22:32:55,GD030141
T0000006448,210000,2019-07-19 22:59:01,TS220587
T0000006449,50000,2019-07-19 23:02:02,OA468240
T0000006450,210000,2019-07-19 23:33:13,AS309101
T0000006451,205000,2019-07-20 00:20:25,OA076062
T0000006452,240000,2019-07-20 00:39:23,GD859439
T0000006453,210000,2019-07-20 00:40:40,HI757006
T0000006454,210000,2019-07-20 01:13:09,GD936161
T0000006455,210000,2019-07-20 02:01:39,IK999111
T0000006456,50000,2019-07-20 02:30:02,HI678851
T0000006457,120000,2019-07-20 04:25:28,PL634625
T0000006458,210000,2019-07-20 04:36:18,AS458614
T0000006459,210000,2019-07-20 05:30:47,PL144435
T0000006460,50000,2019-07-20 06:01:47,PL779242
T0000006461,210000,2019-07-20 06:08:33,GD455671
T0000006462,260000,2019-07-20 06:57:31,HD250940
T0000006463,150000,2019-07-20 07:49:34,HI402432
T0000006464,100000,2019-07-20 07:54:40,HI500662
T0000006465,120000,2019-07-20 08:37:14,IK258132
T0000006466,50000,2019-07-20 08:37:34,HD666225
T0000006467,100000,2019-07-20 08:49:14,HD872325
T0000006468,100000,2019-07-20 08:52:48,GD879310
T0000006469,210000,2019-07-20 09:25:45,HI728754
T0000006470,180000,2019-07-20 09:31:50,TS068618
T0000006471,50000,2019-07-20 12:35:59,IK967528
T0000006472,120000,2019-07-20 13:01:16,PL258167
T0000006473,330000,2019-07-20 13:09:12,PL483435
T0000006474,100000,2019-07-20 13:23:54,TS269350
T0000006475,210000,2019-07-20 13:36:27,HI414861
T0000006476,200000,2019-07-20 13:44:33,AS758226
T0000006477,210000,2019-07-20 14:48:24,IK352765
T0000006478,85000,2019-07-20 15:26:30,TS760331
T0000006479,210000,2019-07-20 15:36:52,TS860353
T0000006480,170000,2019-07-20 16:15:50,TS023870
T0000006481,50000,2019-07-20 16:53:55,HI720757
T0000006482,85000,2019-07-20 16:55:08,TS721551
T0000006483,50000,2019-07-20 17:17:00,OA836088
T0000006484,50000,2019-07-20 17:28:50,HD982676
T0000006485,100000,2019-07-20 17:30:41,PL834411
T0000006486,100000,2019-07-20 17:52:34,HI567520
T0000006487,120000,2019-07-20 18:03:30,GD244145
T0000006488,120000,2019-07-20 18:20:36,OA463946
T0000006489,50000,2019-07-20 18:35:40,PL659352
T0000006490,210000,2019-07-20 18:47:38,PL843204
T0000006491,170000,2019-07-20 20:04:40,GD246033
T0000006492,180000,2019-07-20 20:55:27,IK093147
T0000006493,180000,2019-07-20 22:17:17,HI990013
T0000006494,50000,2019-07-20 22:51:06,HI324666
T0000006495,85000,2019-07-20 23:41:13,AS824458
T0000006496,170000,2019-07-20 23:50:52,GD083655
T0000006497,180000,2019-07-20 23:52:17,TS069597
T0000006498,210000,2019-07-21 00:29:53,PL709791
T0000006499,260000,2019-07-21 01:23:19,IK519538
T0000006500,325000,2019-07-21 01:29:15,HI337814
T0000006501,210000,2019-07-21 03:15:27,HD862369
T0000006502,50000,2019-07-21 04:07:00,TS316311
T0000006503,180000,2019-07-21 05:22:45,IK979321
T0000006504,210000,2019-07-21 06:06:27,AS754176
T0000006505,85000,2019-07-21 06:21:13,TS130392
T0000006506,85000,2019-07-21 06:37:55,AS272193
T0000006507,210000,2019-07-21 06:50:29,HD250940
T0000006508,210000,2019-07-21 07:10:00,PL431024
T0000006509,50000,2019-07-21 07:19:24,PL664277
T0000006510,120000,2019-07-21 07:27:23,AS790905
T0000006511,50000,2019-07-21 08:23:01,OA106766
T0000006512,50000,2019-07-21 08:44:15,HD374247
T0000006513,360000,2019-07-21 09:18:26,TS806450
T0000006514,210000,2019-07-21 09:35:06,HD810948
T0000006515,170000,2019-07-21 10:55:04,TS904692
T0000006516,50000,2019-07-21 11:25:52,HI995754
T0000006517,180000,2019-07-21 11:31:31,HD498491
T0000006518,210000,2019-07-21 12:17:04,GD318523
T0000006519,180000,2019-07-21 12:17:17,PL524403
T0000006520,50000,2019-07-21 12:48:39,OA440389
T0000006521,180000,2019-07-21 13:18:20,IK548249
T0000006522,50000,2019-07-21 15:43:11,IK529029
T0000006523,85000,2019-07-21 15:52:28,PL929818
T0000006524,85000,2019-07-21 16:24:54,HI844603
T0000006525,100000,2019-07-21 18:11:08,TS520001
T0000006526,180000,2019-07-21 18:25:10,IK797502
T0000006527,210000,2019-07-21 19:00:44,TS021036
T0000006528,85000,2019-07-21 19:34:48,AS716291
T0000006529,50000,2019-07-21 19:49:28,HI073600
T0000006530,210000,2019-07-21 20:24:09,AS588076
T0000006531,180000,2019-07-21 20:24:21,GD537233
T0000006532,85000,2019-07-21 20:48:38,PL302535
T0000006533,50000,2019-07-21 23:20:53,IK121456
T0000006534,180000,2019-07-21 23:31:19,HI737185
T0000006535,85000,2019-07-21 23:43:56,IK617484
T0000006536,210000,2019-07-21 23:59:01,PL982189
T0000006537,265000,2019-07-22 00:51:49,OA215175
T0000006538,50000,2019-07-22 00:59:54,AS369586
T0000006539,120000,2019-07-22 01:01:37,IK328604
T0000006540,50000,2019-07-22 01:44:47,HI652550
T0000006541,50000,2019-07-22 01:45:37,HI248527
T0000006542,180000,2019-07-22 01:56:48,OA369571
T0000006543,50000,2019-07-22 02:40:36,IK519538
T0000006544,50000,2019-07-22 03:58:23,HI339146
T0000006545,210000,2019-07-22 04:23:52,HD580454
T0000006546,50000,2019-07-22 04:35:53,IK297810
T0000006547,120000,2019-07-22 06:56:44,GD399384
T0000006548,210000,2019-07-22 07:44:04,PL576686
T0000006549,210000,2019-07-22 08:18:17,AS722697
T0000006550,50000,2019-07-22 08:58:12,TS972650
T0000006551,120000,2019-07-22 09:12:50,TS407799
T0000006552,50000,2019-07-22 09:35:51,GD606287
T0000006553,210000,2019-07-22 09:38:39,IK164996
T0000006554,210000,2019-07-22 12:40:23,OA892107
T0000006555,85000,2019-07-22 13:10:29,AS067995
T0000006556,120000,2019-07-22 13:53:38,AS251921
T0000006557,120000,2019-07-22 14:53:31,HD048025
T0000006558,50000,2019-07-22 14:59:30,TS674550
T0000006559,210000,2019-07-22 16:48:31,IK732196
T0000006560,210000,2019-07-22 16:58:13,PL312029
T0000006561,180000,2019-07-22 17:20:26,TS741548
T0000006562,50000,2019-07-22 17:51:36,OA640152
T0000006563,180000,2019-07-22 18:11:14,TS282078
T0000006564,210000,2019-07-22 19:24:41,GD181791
T0000006565,50000,2019-07-22 20:56:49,OA270348
T0000006566,120000,2019-07-22 21:08:27,HD364970
T0000006567,50000,2019-07-22 22:50:57,OA712919
T0000006568,120000,2019-07-23 00:30:57,HI292858
T0000006569,170000,2019-07-23 00:45:39,HI302801
T0000006570,120000,2019-07-23 01:01:57,OA061430
T0000006571,120000,2019-07-23 02:31:01,PL509689
T0000006572,210000,2019-07-23 03:02:51,AS124354
T0000006573,170000,2019-07-23 03:17:27,HD134433
T0000006574,210000,2019-07-23 03:18:14,PL876696
T0000006575,120000,2019-07-23 03:26:38,HD574185
T0000006576,210000,2019-07-23 04:07:02,AS189336
T0000006577,85000,2019-07-23 04:16:56,OA030640
T0000006578,180000,2019-07-23 05:19:51,PL660484
T0000006579,180000,2019-07-23 05:28:26,OA558405
T0000006580,50000,2019-07-23 05:41:14,PL819882
T0000006581,210000,2019-07-23 06:39:52,IK999111
T0000006582,210000,2019-07-23 06:58:24,TS322485
T0000006583,85000,2019-07-23 07:17:13,PL472728
T0000006584,180000,2019-07-23 07:22:29,IK032596
T0000006585,210000,2019-07-23 07:39:43,HD218970
T0000006586,120000,2019-07-23 08:39:19,PL301649
T0000006587,210000,2019-07-23 09:43:20,IK006186
T0000006588,50000,2019-07-23 10:46:56,HD782984
T0000006589,170000,2019-07-23 11:03:45,GD082270
T0000006590,100000,2019-07-23 11:11:37,HD699115
T0000006591,180000,2019-07-23 11:17:51,PL549629
T0000006592,210000,2019-07-23 12:26:56,TS357226
T0000006593,135000,2019-07-23 12:44:02,GD462529
T0000006594,240000,2019-07-23 13:42:04,PL322930
T0000006595,100000,2019-07-23 13:50:46,IK890445
T0000006596,120000,2019-07-23 16:26:30,IK006186
T0000006597,85000,2019-07-23 17:41:06,IK777110
T0000006598,210000,2019-07-23 18:05:19,TS186877
T0000006599,50000,2019-07-23 18:59:55,TS106731
T0000006600,170000,2019-07-23 20:47:33,IK011787
T0000006601,210000,2019-07-23 21:37:29,TS995238
T0000006602,210000,2019-07-23 22:34:13,AS649439
T0000006603,50000,2019-07-24 01:17:05,AS897341
T0000006604,85000,2019-07-24 01:19:36,HI561542
T0000006605,210000,2019-07-24 02:06:37,PL042341
T0000006606,85000,2019-07-24 02:51:27,HI631124
T0000006607,50000,2019-07-24 03:15:22,HI358653
T0000006608,210000,2019-07-24 04:39:32,OA904369
T0000006609,210000,2019-07-24 04:41:36,AS458614
T0000006610,210000,2019-07-24 05:03:32,IK518800
T0000006611,50000,2019-07-24 05:04:04,AS628722
T0000006612,50000,2019-07-24 05:34:37,TS019328
T0000006613,210000,2019-07-24 07:30:36,HI151829
T0000006614,50000,2019-07-24 10:07:02,GD700587
T0000006615,100000,2019-07-24 11:16:54,HI826647
T0000006616,210000,2019-07-24 11:30:51,PL834061
T0000006617,180000,2019-07-24 11:41:02,PL679438
T0000006618,420000,2019-07-24 11:55:30,PL290850
T0000006619,210000,2019-07-24 12:04:05,PL483945
T0000006620,390000,2019-07-24 12:27:43,HD896542
T0000006621,85000,2019-07-24 12:50:14,OA963991
T0000006622,85000,2019-07-24 13:43:45,GD600747
T0000006623,180000,2019-07-24 13:58:35,HI450576
T0000006624,85000,2019-07-24 14:30:07,PL366184
T0000006625,180000,2019-07-24 14:58:02,HI900832
T0000006626,50000,2019-07-24 15:24:47,TS998593
T0000006627,50000,2019-07-24 15:47:45,TS563606
T0000006628,180000,2019-07-24 15:51:27,HI207932
T0000006629,120000,2019-07-24 15:59:04,HD642174
T0000006630,170000,2019-07-24 16:23:59,GD206745
T0000006631,100000,2019-07-24 16:47:01,GD970368
T0000006632,100000,2019-07-24 17:03:56,GD813654
T0000006633,210000,2019-07-24 17:40:51,HD048025
T0000006634,50000,2019-07-24 19:22:25,PL852001
T0000006635,120000,2019-07-24 19:34:49,IK322778
T0000006636,120000,2019-07-24 19:34:55,TS972175
T0000006637,200000,2019-07-24 19:51:02,HI531972
T0000006638,170000,2019-07-24 20:20:50,HD908685
T0000006639,50000,2019-07-24 21:20:08,IK907604
T0000006640,85000,2019-07-24 22:04:14,TS953790
T0000006641,210000,2019-07-24 22:51:01,OA375487
T0000006642,85000,2019-07-24 23:11:25,OA316605
T0000006643,180000,2019-07-24 23:40:10,IK373014
T0000006644,50000,2019-07-24 23:42:17,TS752438
T0000006645,120000,2019-07-25 04:59:09,AS033208
T0000006646,50000,2019-07-25 05:03:01,HI428108
T0000006647,135000,2019-07-25 05:09:08,AS335973
T0000006648,120000,2019-07-25 05:54:05,PL787939
T0000006649,210000,2019-07-25 08:24:32,HD485524
T0000006650,210000,2019-07-25 09:05:49,IK266002
T0000006651,50000,2019-07-25 09:09:10,OA481390
T0000006652,210000,2019-07-25 10:33:21,AS015739
T0000006653,330000,2019-07-25 13:04:18,HD666117
T0000006654,50000,2019-07-25 13:10:37,HD982934
T0000006655,210000,2019-07-25 13:12:28,OA511050
T0000006656,210000,2019-07-25 14:51:29,HD200554
T0000006657,210000,2019-07-25 15:04:28,TS052320
T0000006658,85000,2019-07-25 15:25:07,TS722194
T0000006659,205000,2019-07-25 15:40:48,HD939520
T0000006660,210000,2019-07-25 19:14:58,PL294980
T0000006661,180000,2019-07-25 20:25:54,TS187985
T0000006662,210000,2019-07-25 20:44:17,TS372874
T0000006663,120000,2019-07-25 20:51:11,HI880150
T0000006664,210000,2019-07-25 21:28:51,PL089632
T0000006665,100000,2019-07-25 22:03:27,OA882717
T0000006666,85000,2019-07-25 22:04:49,HI093998
T0000006667,180000,2019-07-25 23:40:34,GD936161
T0000006668,85000,2019-07-26 00:08:19,AS777651
T0000006669,120000,2019-07-26 00:12:58,AS494168
T0000006670,50000,2019-07-26 02:17:33,PL502982
T0000006671,50000,2019-07-26 02:32:37,AS170379
T0000006672,85000,2019-07-26 03:30:34,PL739722
T0000006673,100000,2019-07-26 04:27:00,TS190609
T0000006674,390000,2019-07-26 04:43:30,GD913324
T0000006675,120000,2019-07-26 04:57:13,GD139734
T0000006676,170000,2019-07-26 05:24:51,OA963991
T0000006677,210000,2019-07-26 07:27:43,GD849803
T0000006678,120000,2019-07-26 07:47:05,TS200932
T0000006679,50000,2019-07-26 08:25:10,GD398654
T0000006680,255000,2019-07-26 08:52:42,TS064786
T0000006681,85000,2019-07-26 09:32:30,TS753554
T0000006682,210000,2019-07-26 09:48:35,OA983554
T0000006683,50000,2019-07-26 10:21:59,TS417170
T0000006684,180000,2019-07-26 11:33:03,TS830677
T0000006685,100000,2019-07-26 12:12:58,PL944386
T0000006686,100000,2019-07-26 14:11:38,HD095957
T0000006687,50000,2019-07-26 15:21:38,GD086589
T0000006688,85000,2019-07-26 16:06:51,TS243124
T0000006689,50000,2019-07-26 16:22:50,IK426871
T0000006690,210000,2019-07-26 16:23:33,HI715559
T0000006691,210000,2019-07-26 16:27:31,HD842881
T0000006692,85000,2019-07-26 16:50:12,HD485524
T0000006693,210000,2019-07-26 17:31:18,AS748245
T0000006694,50000,2019-07-26 19:15:52,PL635475
T0000006695,100000,2019-07-26 20:28:04,GD086589
T0000006696,85000,2019-07-26 21:09:19,IK995737
T0000006697,210000,2019-07-26 22:07:35,AS280744
T0000006698,50000,2019-07-26 22:43:59,AS895302
T0000006699,180000,2019-07-26 23:03:48,HD755168
T0000006700,85000,2019-07-26 23:15:55,HI984860
T0000006701,100000,2019-07-27 00:20:05,OA923215
T0000006702,50000,2019-07-27 00:35:02,GD800584
T0000006703,50000,2019-07-27 00:51:32,HD727632
T0000006704,50000,2019-07-27 01:03:40,OA406772
T0000006705,50000,2019-07-27 01:27:05,AS345469
T0000006706,85000,2019-07-27 01:28:32,HD745359
T0000006707,180000,2019-07-27 01:44:09,PL563001
T0000006708,85000,2019-07-27 02:03:16,TS733060
T0000006709,100000,2019-07-27 02:39:58,OA591930
T0000006710,210000,2019-07-27 03:35:40,HI470508
T0000006711,180000,2019-07-27 03:41:27,IK274884
T0000006712,100000,2019-07-27 03:53:56,AS346579
T0000006713,85000,2019-07-27 04:43:35,AS914120
T0000006714,255000,2019-07-27 05:25:32,TS143759
T0000006715,85000,2019-07-27 05:31:48,TS897204
T0000006716,180000,2019-07-27 06:40:41,OA032400
T0000006717,85000,2019-07-27 07:49:36,HD104614
T0000006718,180000,2019-07-27 08:36:21,TS667330
T0000006719,120000,2019-07-27 09:51:17,HD893931
T0000006720,85000,2019-07-27 10:53:13,HI456699
T0000006721,50000,2019-07-27 12:44:38,GD550784
T0000006722,210000,2019-07-27 12:53:28,GD437531
T0000006723,210000,2019-07-27 13:10:50,HD526634
T0000006724,50000,2019-07-27 13:44:10,HI926999
T0000006725,120000,2019-07-27 14:24:32,IK473112
T0000006726,265000,2019-07-27 14:36:54,OA002160
T0000006727,210000,2019-07-27 14:56:27,GD796301
T0000006728,85000,2019-07-27 15:34:35,HD078028
T0000006729,210000,2019-07-27 15:47:35,HI616611
T0000006730,210000,2019-07-27 18:39:43,HI852974
T0000006731,170000,2019-07-27 19:44:52,IK844882
T0000006732,50000,2019-07-27 20:43:37,TS068618
T0000006733,50000,2019-07-27 21:15:56,GD626486
T0000006734,50000,2019-07-27 21:25:14,OA241119
T0000006735,210000,2019-07-27 22:56:23,HD511288
T0000006736,210000,2019-07-27 23:53:42,OA239766
T0000006737,85000,2019-07-28 00:03:13,HI900494
T0000006738,85000,2019-07-28 00:36:08,HD379875
T0000006739,50000,2019-07-28 03:11:44,HI128243
T0000006740,210000,2019-07-28 03:23:19,HD044650
T0000006741,210000,2019-07-28 03:53:49,IK777885
T0000006742,230000,2019-07-28 04:53:09,TS721555
T0000006743,210000,2019-07-28 04:57:03,HI151922
T0000006744,50000,2019-07-28 05:22:26,GD903750
T0000006745,390000,2019-07-28 05:40:51,AS828426
T0000006746,180000,2019-07-28 06:06:02,OA632663
T0000006747,50000,2019-07-28 06:06:46,GD149816
T0000006748,210000,2019-07-28 08:28:39,IK168411
T0000006749,150000,2019-07-28 09:04:11,AS917021
T0000006750,180000,2019-07-28 09:09:23,IK398825
T0000006751,120000,2019-07-28 10:14:39,PL988722
T0000006752,210000,2019-07-28 10:46:15,HI948138
T0000006753,210000,2019-07-28 11:08:28,IK751678
T0000006754,210000,2019-07-28 11:10:16,HD596195
T0000006755,210000,2019-07-28 11:14:37,TS063530
T0000006756,85000,2019-07-28 11:21:35,GD598089
T0000006757,120000,2019-07-28 11:23:32,HI015767
T0000006758,85000,2019-07-28 11:28:09,IK508589
T0000006759,210000,2019-07-28 11:37:48,HD012547
T0000006760,210000,2019-07-28 12:22:15,HD434419
T0000006761,150000,2019-07-28 13:15:44,IK406947
T0000006762,420000,2019-07-28 13:58:02,IK676041
T0000006763,50000,2019-07-28 15:00:58,IK880102
T0000006764,210000,2019-07-28 15:03:59,PL371198
T0000006765,210000,2019-07-28 16:13:15,TS052320
T0000006766,120000,2019-07-28 20:24:36,HI805260
T0000006767,210000,2019-07-28 20:44:25,AS220894
T0000006768,210000,2019-07-28 21:34:20,HD156305
T0000006769,170000,2019-07-28 22:12:22,OA423930
T0000006770,180000,2019-07-28 22:17:44,TS003673
T0000006771,180000,2019-07-28 22:36:36,IK480015
T0000006772,85000,2019-07-28 23:10:53,GD137323
T0000006773,210000,2019-07-28 23:11:07,AS335973
T0000006774,210000,2019-07-29 00:01:15,TS311640
T0000006775,85000,2019-07-29 00:35:11,OA497318
T0000006776,50000,2019-07-29 00:49:35,GD574177
T0000006777,85000,2019-07-29 01:49:53,GD672303
T0000006778,150000,2019-07-29 02:23:18,HD847713
T0000006779,240000,2019-07-29 02:56:35,IK602905
T0000006780,50000,2019-07-29 03:10:54,AS780890
T0000006781,100000,2019-07-29 03:27:22,HI999153
T0000006782,85000,2019-07-29 03:34:28,AS404195
T0000006783,50000,2019-07-29 03:50:24,TS005920
T0000006784,150000,2019-07-29 04:38:58,TS360510
T0000006785,210000,2019-07-29 05:39:30,PL920046
T0000006786,120000,2019-07-29 05:45:55,HD853800
T0000006787,210000,2019-07-29 06:27:48,AS228133
T0000006788,50000,2019-07-29 07:19:24,OA241695
T0000006789,120000,2019-07-29 11:01:42,HI874627
T0000006790,50000,2019-07-29 11:04:14,OA717373
T0000006791,420000,2019-07-29 12:17:40,GD892565
T0000006792,100000,2019-07-29 12:58:27,GD298325
T0000006793,210000,2019-07-29 13:32:32,AS707671
T0000006794,50000,2019-07-29 15:21:53,PL103598
T0000006795,210000,2019-07-29 15:39:56,PL729017
T0000006796,240000,2019-07-29 15:40:54,IK518800
T0000006797,85000,2019-07-29 15:49:54,PL147603
T0000006798,85000,2019-07-29 17:28:28,HD867526
T0000006799,210000,2019-07-29 17:33:19,TS537121
T0000006800,170000,2019-07-29 18:19:44,PL089632
T0000006801,100000,2019-07-29 19:05:32,IK516783
T0000006802,50000,2019-07-29 19:43:17,HI592803
T0000006803,120000,2019-07-29 20:26:36,HI188968
T0000006804,210000,2019-07-29 21:18:05,HD104614
T0000006805,50000,2019-07-29 21:23:10,HD572934
T0000006806,210000,2019-07-29 21:54:19,HD493357
T0000006807,180000,2019-07-29 22:13:39,IK911976
T0000006808,180000,2019-07-29 22:56:03,OA974876
T0000006809,210000,2019-07-29 22:59:37,OA869840
T0000006810,210000,2019-07-29 23:49:48,IK242265
T0000006811,50000,2019-07-29 23:53:26,TS504594
T0000006812,180000,2019-07-29 23:54:45,AS034137
T0000006813,240000,2019-07-30 00:05:28,IK853515
T0000006814,85000,2019-07-30 00:07:02,IK439676
T0000006815,120000,2019-07-30 01:01:27,HI009305
T0000006816,85000,2019-07-30 01:12:54,AS515526
T0000006817,85000,2019-07-30 02:04:07,TS789849
T0000006818,185000,2019-07-30 02:07:20,PL902037
T0000006819,85000,2019-07-30 02:44:15,HD744684
T0000006820,210000,2019-07-30 03:18:34,IK575241
T0000006821,120000,2019-07-30 04:01:44,HI871259
T0000006822,50000,2019-07-30 04:40:51,IK862574
T0000006823,210000,2019-07-30 04:52:45,HD828510
T0000006824,85000,2019-07-30 05:02:37,TS068752
T0000006825,120000,2019-07-30 05:07:00,TS344882
T0000006826,210000,2019-07-30 05:12:54,GD401034
T0000006827,320000,2019-07-30 06:29:53,HD455858
T0000006828,120000,2019-07-30 07:06:32,AS749085
T0000006829,330000,2019-07-30 07:26:30,GD862018
T0000006830,180000,2019-07-30 08:12:38,AS374280
T0000006831,210000,2019-07-30 08:54:54,PL049278
T0000006832,210000,2019-07-30 08:58:35,GD172092
T0000006833,85000,2019-07-30 10:24:41,GD009242
T0000006834,100000,2019-07-30 10:29:02,HD359876
T0000006835,240000,2019-07-30 11:08:09,HI555356
T0000006836,210000,2019-07-30 11:32:23,HD657925
T0000006837,120000,2019-07-30 12:08:09,HI650178
T0000006838,50000,2019-07-30 12:12:53,PL942936
T0000006839,255000,2019-07-30 12:29:55,TS993439
T0000006840,120000,2019-07-30 12:50:49,PL361201
T0000006841,210000,2019-07-30 13:08:37,GD778254
T0000006842,150000,2019-07-30 13:09:03,IK528327
T0000006843,210000,2019-07-30 13:52:43,TS349914
T0000006844,85000,2019-07-30 14:13:53,TS018265
T0000006845,50000,2019-07-30 14:46:52,PL960961
T0000006846,210000,2019-07-30 15:02:04,GD710390
T0000006847,50000,2019-07-30 15:13:12,PL675446
T0000006848,85000,2019-07-30 15:17:52,HD285695
T0000006849,255000,2019-07-30 15:21:57,AS366153
T0000006850,210000,2019-07-30 15:32:48,HI859532
T0000006851,85000,2019-07-30 17:34:05,IK594280
T0000006852,50000,2019-07-30 17:41:36,OA096648
T0000006853,85000,2019-07-30 18:42:28,TS878897
T0000006854,50000,2019-07-30 19:01:27,AS799981
T0000006855,210000,2019-07-30 21:03:19,IK905330
T0000006856,50000,2019-07-30 21:50:21,OA996311
T0000006857,180000,2019-07-30 22:45:06,IK081842
T0000006858,85000,2019-07-30 23:10:37,AS859775
T0000006859,170000,2019-07-31 00:01:27,AS321794
T0000006860,50000,2019-07-31 00:42:42,HI615448
T0000006861,210000,2019-07-31 01:41:32,PL587525
T0000006862,85000,2019-07-31 02:19:02,AS636570
T0000006863,50000,2019-07-31 02:50:00,AS488509
T0000006864,100000,2019-07-31 03:42:20,IK341016
T0000006865,150000,2019-07-31 03:46:50,PL900188
T0000006866,50000,2019-07-31 03:49:46,OA981813
T0000006867,210000,2019-07-31 03:54:00,TS290297
T0000006868,85000,2019-07-31 05:01:02,AS905186
T0000006869,100000,2019-07-31 05:30:24,AS278780
T0000006870,150000,2019-07-31 05:53:32,HD880785
T0000006871,180000,2019-07-31 05:56:08,HD753835
T0000006872,180000,2019-07-31 05:58:51,OA781562
T0000006873,85000,2019-07-31 06:25:12,OA643695
T0000006874,210000,2019-07-31 09:53:38,IK311957
T0000006875,210000,2019-07-31 10:40:42,GD797764
T0000006876,210000,2019-07-31 11:39:36,IK042838
T0000006877,85000,2019-07-31 11:52:33,AS275166
T0000006878,50000,2019-07-31 12:07:44,GD905295
T0000006879,100000,2019-07-31 13:03:31,OA467724
T0000006880,85000,2019-07-31 13:41:35,AS448355
T0000006881,85000,2019-07-31 14:19:05,AS976422
T0000006882,200000,2019-07-31 14:46:46,HD030302
T0000006883,85000,2019-07-31 15:53:17,IK787243
T0000006884,260000,2019-07-31 18:12:37,PL491769
T0000006885,170000,2019-07-31 18:29:42,GD574177
T0000006886,210000,2019-07-31 19:15:25,OA917517
T0000006887,210000,2019-07-31 19:43:42,AS961301
T0000006888,210000,2019-07-31 20:05:45,GD025393
T0000006889,210000,2019-07-31 20:07:22,IK088821
T0000006890,120000,2019-07-31 20:25:02,AS554975
T0000006891,50000,2019-07-31 20:28:20,HI337854
T0000006892,210000,2019-07-31 20:57:14,PL482487
T0000006893,180000,2019-07-31 21:17:39,PL057547
T0000006894,180000,2019-07-31 21:20:44,HI400734
T0000006895,85000,2019-07-31 21:52:48,AS339451
T0000006896,100000,2019-07-31 23:35:25,OA027325
T0000006897,85000,2019-07-31 23:39:35,TS624738
T0000006898,85000,2019-07-31 23:41:38,AS834214
